Name,TimeStamp 
Ardle,24.85816666666667 
Ardle,25.025000000000002 
Ardle,25.191833333333335 
Ardle,25.358666666666668 
Ardle,25.5255 
Ardle,25.692333333333334 
Ardle,25.85916666666667 
Ardle,26.026000000000003 
Ardle,26.192833333333336 
Ardle,26.35966666666667 
Ardle,26.526500000000002 
Ardle,26.693333333333335 
Ardle,26.860166666666668 
Ardle,27.027 
Ardle,27.193833333333334 
Ardle,27.36066666666667 
Ardle,27.527500000000003 
Ardle,27.694333333333336 
Ardle,27.86116666666667 
Ardle,28.028000000000002 
Ardle,28.194833333333335 
Ardle,28.361666666666668 
Ardle,28.5285 
Ardle,28.695333333333334 
Ardle,28.86216666666667 
Ardle,29.029000000000003 
Ardle,29.195833333333336 
Miss,31.36466666666667 
Miss,31.5315 
Miss,31.698333333333338 
Miss,31.86516666666667 
Miss,32.032000000000004 
Miss,32.19883333333333 
Miss,32.36566666666667 
Miss,32.532500000000006 
Miss,32.699333333333335 
Miss,32.86616666666667 
Miss,33.033 
Miss,33.19983333333334 
Miss,33.36666666666667 
Miss,33.533500000000004 
Miss,33.70033333333333 
Miss,33.86716666666667 
Ardle,34.034000000000006 
Ardle,34.200833333333335 
Ardle,34.36766666666667 
Ardle,34.5345 
Ardle,34.70133333333334 
Ardle,34.86816666666667 
Ardle,35.035000000000004 
Ardle,35.20183333333333 
Ardle,35.36866666666667 
Ardle,35.535500000000006 
Ardle,35.702333333333335 
Ardle,35.86916666666667 
Ardle,36.036 
Ardle,36.20283333333334 
Ardle,36.36966666666667 
Ardle,36.536500000000004 
Ardle,36.536500000000004 
Ardle,36.70333333333333 
Ardle,36.87016666666667 
Ardle,36.87016666666667 
Ardle,37.037000000000006 
Ardle,37.037000000000006 
Ardle,37.203833333333336 
Ardle,37.37066666666667 
Ardle,37.5375 
Ardle,37.70433333333334 
Ardle,37.87116666666667 
Miss,38.038000000000004 
Miss,38.20483333333333 
Miss,38.37166666666667 
Miss,38.538500000000006 
Miss,38.705333333333336 
Miss,38.87216666666667 
Miss,39.039 
Miss,39.20583333333334 
Miss,39.37266666666667 
Miss,39.539500000000004 
Miss,39.70633333333333 
Miss,39.87316666666667 
Miss,40.040000000000006 
Miss,40.206833333333336 
Miss,40.37366666666667 
Miss,40.5405 
Miss,40.70733333333334 
Miss,40.87416666666667 
Miss,41.041000000000004 
Miss,41.20783333333333 
Miss,41.37466666666667 
Miss,41.541500000000006 
Miss,41.708333333333336 
Miss,41.87516666666667 
Miss,42.042 
Miss,42.20883333333334 
Miss,42.37566666666667 
Ardle,42.542500000000004 
Ardle,42.70933333333333 
Ardle,42.87616666666667 
Ardle,43.043000000000006 
Ardle,43.209833333333336 
Ardle,43.37666666666667 
Ardle,43.5435 
Ardle,43.71033333333334 
Ardle,43.87716666666667 
Ardle,44.044000000000004 
Ardle,44.21083333333334 
Ardle,44.37766666666667 
Ardle,44.544500000000006 
Ardle,44.711333333333336 
Ardle,44.87816666666667 
Ardle,45.045 
Ardle,45.21183333333334 
Ardle,45.37866666666667 
Ardle,45.545500000000004 
Ardle,45.71233333333334 
Ardle,45.87916666666667 
Ardle,46.04600000000001 
Miss,46.5465 
Miss,46.71333333333334 
Miss,46.88016666666667 
Miss,47.047000000000004 
Miss,47.21383333333334 
Miss,47.38066666666667 
Miss,47.54750000000001 
Miss,47.714333333333336 
Miss,47.88116666666667 
Miss,48.048 
Miss,48.21483333333334 
Miss,48.38166666666667 
Miss,48.548500000000004 
Miss,48.71533333333334 
Miss,49.215833333333336 
Miss,49.71633333333334 
Miss,49.88316666666667 
Miss,50.050000000000004 
Miss,50.21683333333334 
Miss,50.38366666666667 
Miss,50.55050000000001 
Miss,50.717333333333336 
Miss,50.88416666666667 
Miss,51.051 
Miss,51.21783333333334 
Miss,51.38466666666667 
Ardle,54.88816666666667 
Ardle,55.05500000000001 
Ardle,55.221833333333336 
Ardle,55.38866666666667 
Ardle,55.5555 
Ardle,55.72233333333334 
Ardle,55.88916666666667 
Ardle,56.056000000000004 
Ardle,56.22283333333334 
Ardle,56.38966666666667 
Ardle,56.55650000000001 
Ardle,61.39466666666667 
Miss,84.75133333333333 
Miss,85.08500000000001 
Miss,85.41866666666667 
Miss,85.58550000000001 
Miss,89.92316666666667 
Miss,90.09 
Miss,90.25683333333335 
Miss,90.42366666666668 
Miss,90.5905 
Miss,90.75733333333334 
Miss,90.92416666666668 
Miss,91.09100000000001 
Miss,91.59150000000001 
Miss,91.75833333333334 
Miss,92.09200000000001 
Miss,92.25883333333334 
Miss,92.5925 
Miss,92.75933333333334 
Miss,92.92616666666667 
Miss,93.093 
Miss,93.25983333333335 
Miss,93.42666666666668 
Miss,93.5935 
Miss,94.59450000000001 
Miss,94.92816666666667 
Ardle,95.09500000000001 
Ardle,95.26183333333334 
Ardle,95.42866666666667 
Ardle,95.5955 
Ardle,95.76233333333334 
Ardle,95.92916666666667 
Ardle,96.096 
Ardle,96.26283333333335 
Miss,96.42966666666668 
Miss,96.5965 
Miss,96.76333333333334 
Miss,96.93016666666668 
Miss,97.09700000000001 
Miss,97.26383333333334 
Miss,97.43066666666668 
Miss,97.59750000000001 
Miss,97.76433333333334 
Miss,97.93116666666667 
Miss,98.09800000000001 
Miss,98.26483333333334 
Miss,98.43166666666667 
Miss,98.5985 
Miss,98.76533333333334 
Miss,101.93516666666667 
Miss,102.102 
Miss,102.26883333333335 
Miss,102.43566666666668 
Miss,102.6025 
Miss,102.76933333333334 
Miss,102.93616666666668 
Miss,103.10300000000001 
Miss,103.26983333333334 
Miss,103.43666666666668 
Miss,103.60350000000001 
Miss,103.93716666666667 
Miss,104.93816666666667 
Miss,105.105 
Miss,105.27183333333335 
Miss,105.43866666666668 
Miss,105.77233333333334 
Ardle,109.27583333333334 
Ardle,109.44266666666668 
Ardle,109.60950000000001 
Ardle,109.77633333333334 
Ardle,109.94316666666667 
Ardle,110.11000000000001 
Ardle,110.27683333333334 
Ardle,110.44366666666667 
Ardle,110.61050000000002 
Ardle,110.77733333333335 
Ardle,110.94416666666667 
Ardle,111.111 
Ardle,111.27783333333335 
Ardle,111.44466666666668 
Ardle,111.6115 
Ardle,111.77833333333334 
Ardle,111.94516666666668 
Ardle,112.11200000000001 
Ardle,112.27883333333334 
Ardle,112.44566666666668 
Ardle,112.61250000000001 
Ardle,112.77933333333334 
Ardle,112.94616666666667 
Ardle,113.11300000000001 
Ardle,113.27983333333334 
Ardle,113.44666666666667 
Miss,113.61350000000002 
Miss,113.78033333333335 
Miss,113.94716666666667 
Miss,114.114 
Miss,114.28083333333335 
Miss,114.44766666666668 
Miss,114.6145 
Miss,114.78133333333334 
Miss,114.94816666666668 
Miss,115.11500000000001 
Miss,115.28183333333334 
Miss,115.44866666666668 
Miss,115.61550000000001 
Miss,115.78233333333334 
Miss,115.94916666666667 
Miss,118.95216666666667 
Miss,119.11900000000001 
Miss,119.28583333333334 
Miss,119.45266666666667 
Miss,119.61950000000002 
Miss,119.78633333333335 
Miss,119.95316666666668 
Miss,120.12 
Miss,120.28683333333335 
Miss,120.45366666666668 
Miss,120.6205 
Miss,120.78733333333335 
Miss,120.95416666666668 
Miss,121.12100000000001 
Miss,121.28783333333334 
Miss,121.45466666666668 
Miss,121.62150000000001 
Miss,121.78833333333334 
Miss,121.95516666666667 
Miss,122.12200000000001 
Miss,122.28883333333334 
Miss,122.45566666666667 
Miss,122.62250000000002 
Miss,122.78933333333335 
Miss,122.95616666666668 
Miss,123.123 
Miss,123.28983333333335 
Miss,123.45666666666668 
Miss,123.6235 
Ardle,124.95816666666667 
Ardle,125.12500000000001 
Ardle,125.29183333333334 
Ardle,125.45866666666667 
Ardle,125.62550000000002 
Ardle,125.79233333333335 
Ardle,125.95916666666668 
Ardle,126.126 
Ardle,126.29283333333335 
Ardle,126.45966666666668 
Ardle,126.62650000000001 
Ardle,126.79333333333335 
Ardle,126.96016666666668 
Ardle,127.12700000000001 
Ardle,127.29383333333334 
Ardle,127.46066666666668 
Ardle,127.62750000000001 
Ardle,127.79433333333334 
Ardle,128.46166666666667 
Ardle,136.80333333333334 
Ardle,136.97016666666667 
Ardle,137.137 
Ardle,137.4706666666667 
Ardle,137.63750000000002 
Ardle,137.80433333333335 
Ardle,138.30483333333333 
Ardle,138.4716666666667 
Ardle,138.63850000000002 
Ardle,138.80533333333335 
Ardle,139.139 
Ardle,139.30583333333334 
Ardle,139.47266666666667 
Ardle,139.6395 
Ardle,139.80633333333336 
Ardle,139.97316666666669 
Ardle,140.14000000000001 
Ardle,140.30683333333334 
Ardle,140.47366666666667 
Ardle,140.6405 
Ardle,140.80733333333333 
Ardle,141.14100000000002 
Mom,147.98116666666667 
Mom,148.14800000000002 
Mom,148.31483333333335 
Mom,148.48166666666668 
Ardle,148.6485 
Ardle,148.81533333333334 
Ardle,148.98216666666667 
Ardle,149.149 
Ardle,149.31583333333336 
Ardle,149.4826666666667 
Ardle,149.64950000000002 
Dad,149.81633333333335 
Dad,149.98316666666668 
Dad,150.15 
Dad,150.31683333333334 
Dad,150.4836666666667 
Dad,150.65050000000002 
Dad,150.81733333333335 
Dad,150.98416666666668 
Dad,151.151 
Dad,151.31783333333334 
Dad,151.48466666666667 
Dad,151.6515 
Dad,151.81833333333336 
Dad,151.9851666666667 
Dad,152.15200000000002 
Dad,152.31883333333334 
Dad,152.48566666666667 
Dad,152.6525 
Dad,152.81933333333333 
Dad,152.9861666666667 
Dad,153.15300000000002 
Dad,153.31983333333335 
Dad,153.48666666666668 
Dad,153.6535 
Dad,153.82033333333334 
Dad,153.98716666666667 
Dad,154.15400000000002 
Dad,154.32083333333335 
Dad,154.48766666666668 
Dad,154.6545 
Dad,154.82133333333334 
Dad,154.98816666666667 
Dad,155.155 
Dad,155.32183333333336 
Ardle,155.4886666666667 
Ardle,155.65550000000002 
Ardle,155.82233333333335 
Ardle,155.98916666666668 
Ardle,156.156 
Ardle,156.32283333333334 
Ardle,156.4896666666667 
Ardle,156.65650000000002 
Ardle,156.82333333333335 
Ardle,156.99016666666668 
Ardle,157.157 
Dad,157.32383333333334 
Dad,157.49066666666667 
Dad,157.65750000000003 
Dad,157.82433333333336 
Dad,157.9911666666667 
Dad,158.15800000000002 
Dad,158.32483333333334 
Mom,158.49166666666667 
Mom,158.6585 
Mom,158.82533333333333 
Mom,159.15900000000002 
Mom,159.49266666666668 
Mom,159.82633333333334 
Mom,159.99316666666667 
Mom,160.16000000000003 
Ardle,160.6605 
Ardle,160.82733333333334 
Ardle,160.99416666666667 
Ardle,161.161 
Ardle,161.32783333333336 
Ardle,161.4946666666667 
Ardle,161.66150000000002 
Ardle,161.82833333333335 
Ardle,161.99516666666668 
Ardle,162.162 
Ardle,162.32883333333334 
Ardle,162.4956666666667 
Ardle,162.66250000000002 
Ardle,162.82933333333335 
Ardle,162.99616666666668 
Ardle,163.163 
Ardle,163.32983333333334 
Ardle,163.49666666666667 
Dad,163.66350000000003 
Dad,163.83033333333336 
Ardle,164.49766666666667 
Dad,164.6645 
Dad,164.83133333333333 
Dad,164.9981666666667 
Dad,165.16500000000002 
Dad,165.33183333333335 
Dad,165.49866666666668 
Dad,165.6655 
Dad,165.83233333333334 
Dad,165.99916666666667 
Dad,166.16600000000003 
Dad,166.33283333333335 
Dad,166.49966666666668 
Dad,166.6665 
Dad,166.83333333333334 
Dad,167.00016666666667 
Dad,167.167 
Dad,167.33383333333336 
Dad,167.5006666666667 
Dad,167.66750000000002 
Dad,167.83433333333335 
Ardle,168.00116666666668 
Ardle,168.168 
Ardle,168.33483333333334 
Ardle,168.5016666666667 
Ardle,168.66850000000002 
Ardle,168.83533333333335 
Ardle,169.00216666666668 
Ardle,169.169 
Ardle,169.33583333333334 
Ardle,169.50266666666667 
Ardle,169.66950000000003 
Ardle,169.83633333333336 
Dad,172.33883333333335 
Dad,175.84233333333336 
Dad,176.0091666666667 
Dad,176.17600000000002 
Dad,176.34283333333335 
Dad,176.50966666666667 
Dad,176.6765 
Dad,176.84333333333336 
Dad,177.0101666666667 
Dad,177.17700000000002 
Dad,177.34383333333335 
Dad,177.51066666666668 
Dad,177.6775 
Ardle,180.18 
Ardle,180.34683333333334 
Ardle,180.5136666666667 
Ardle,180.68050000000002 
Ardle,180.84733333333335 
Ardle,181.01416666666668 
Ardle,181.181 
Ardle,181.34783333333334 
Ardle,181.51466666666667 
Ardle,181.68150000000003 
Dad,183.51666666666668 
Dad,183.6835 
Dad,183.85033333333334 
Dad,188.52166666666668 
Mom,226.89333333333335 
Ardle,234.73450000000003 
Ardle,234.90133333333335 
Ardle,235.06816666666668 
Ardle,235.235 
Ardle,235.40183333333334 
Ardle,235.56866666666667 
Ardle,235.73550000000003 
Ardle,235.90233333333336 
Ardle,236.0691666666667 
Ardle,236.23600000000002 
Ardle,236.40283333333335 
Miss,236.56966666666668 
Miss,236.7365 
Miss,236.90333333333336 
Miss,237.0701666666667 
Miss,237.23700000000002 
Miss,237.40383333333335 
Miss,240.07316666666668 
Miss,240.24 
Miss,240.40683333333337 
Miss,240.5736666666667 
Miss,240.74050000000003 
Miss,240.90733333333336 
Miss,241.07416666666668 
Miss,241.241 
Miss,241.40783333333334 
Ardle,245.41183333333336 
Ardle,245.5786666666667 
Ardle,245.74550000000002 
Ardle,245.91233333333335 
Ardle,246.07916666666668 
Ardle,246.246 
Ardle,246.41283333333337 
Ardle,246.5796666666667 
Ardle,246.74650000000003 
Ardle,246.91333333333336 
Ardle,247.08016666666668 
Ardle,247.247 
Ardle,247.41383333333334 
Ardle,247.5806666666667 
Ardle,247.74750000000003 
Ardle,247.91433333333336 
Ardle,248.0811666666667 
Ardle,248.24800000000002 
Ardle,248.41483333333335 
Ardle,251.5846666666667 
Mom,251.75150000000002 
Mom,251.91833333333335 
Mom,252.08516666666668 
Mom,252.252 
Boy_Friend,252.91933333333336 
Boy_Friend,253.08616666666668 
Boy_Friend,253.41983333333334 
Miss,253.5866666666667 
Boy_Friend,253.5866666666667 
Boy_Friend,253.75350000000003 
Boy_Friend,253.92033333333336 
Boy_Friend,254.0871666666667 
Boy_Friend,254.25400000000002 
Boy_Friend,254.7545 
Boy_Friend,254.92133333333337 
Ardle,255.0881666666667 
Ardle,255.25500000000002 
Ardle,255.42183333333335 
Ardle,255.58866666666668 
Ardle,255.7555 
Ardle,255.92233333333334 
Ardle,256.0891666666667 
Ardle,256.25600000000003 
Ardle,256.42283333333336 
Ardle,256.5896666666667 
Ardle,256.7565 
Ardle,256.92333333333335 
Ardle,257.0901666666667 
Ardle,257.257 
Ardle,257.42383333333333 
Ardle,257.59066666666666 
Ardle,257.75750000000005 
Ardle,257.9243333333334 
Ardle,258.0911666666667 
Ardle,258.25800000000004 
Ardle,258.42483333333337 
Ardle,258.5916666666667 
Ardle,258.7585 
Ardle,258.92533333333336 
Ardle,259.0921666666667 
Ardle,259.259 
Ardle,259.42583333333334 
Ardle,259.5926666666667 
Ardle,259.7595 
Ardle,259.92633333333333 
Ardle,260.09316666666666 
Ardle,260.26000000000005 
Miss,260.4268333333334 
Miss,260.5936666666667 
Boy_Friend,260.76050000000004 
Miss,260.76050000000004 
Boy_Friend,260.92733333333337 
Miss,260.92733333333337 
Miss,261.0941666666667 
Boy_Friend,261.261 
Miss,261.261 
Boy_Friend,261.42783333333335 
Miss,261.42783333333335 
Boy_Friend,261.5946666666667 
Miss,261.5946666666667 
Boy_Friend,261.7615 
Miss,261.7615 
Boy_Friend,261.92833333333334 
Miss,261.92833333333334 
Boy_Friend,262.09516666666667 
Miss,262.09516666666667 
Boy_Friend,262.262 
Miss,262.262 
Boy_Friend,262.42883333333333 
Miss,262.42883333333333 
Boy_Friend,262.5956666666667 
Miss,262.5956666666667 
Boy_Friend,262.76250000000005 
Miss,262.76250000000005 
Boy_Friend,262.9293333333334 
Miss,262.9293333333334 
Boy_Friend,263.0961666666667 
Miss,263.0961666666667 
Boy_Friend,263.26300000000003 
Miss,263.26300000000003 
Boy_Friend,263.42983333333336 
Miss,263.42983333333336 
Miss,263.5966666666667 
Boy_Friend,263.5966666666667 
Boy_Friend,263.7635 
Miss,263.7635 
Miss,263.93033333333335 
Boy_Friend,263.93033333333335 
Miss,264.0971666666667 
Boy_Friend,264.0971666666667 
Miss,264.264 
Boy_Friend,264.264 
Miss,264.43083333333334 
Boy_Friend,264.43083333333334 
Miss,264.59766666666667 
Boy_Friend,264.59766666666667 
Boy_Friend,264.7645 
Miss,264.7645 
Boy_Friend,264.9313333333333 
Miss,264.9313333333333 
Boy_Friend,265.0981666666667 
Miss,265.0981666666667 
Boy_Friend,265.26500000000004 
Miss,265.26500000000004 
Boy_Friend,265.4318333333334 
Miss,265.4318333333334 
Boy_Friend,265.5986666666667 
Miss,265.5986666666667 
Boy_Friend,265.76550000000003 
Miss,265.76550000000003 
Boy_Friend,265.93233333333336 
Miss,265.93233333333336 
Boy_Friend,266.0991666666667 
Miss,266.0991666666667 
Boy_Friend,266.266 
Miss,266.266 
Boy_Friend,266.43283333333335 
Miss,266.43283333333335 
Boy_Friend,266.5996666666667 
Miss,266.5996666666667 
Miss,266.7665 
Boy_Friend,266.93333333333334 
Miss,266.93333333333334 
Boy_Friend,267.10016666666667 
Miss,267.10016666666667 
Miss,267.267 
Miss,267.4338333333334 
Miss,267.6006666666667 
Miss,267.76750000000004 
Boy_Friend,267.93433333333337 
Miss,267.93433333333337 
Miss,268.1011666666667 
Miss,268.26800000000003 
Miss,268.43483333333336 
Miss,268.6016666666667 
Boy_Friend,268.6016666666667 
Boy_Friend,268.7685 
Miss,268.7685 
Miss,268.93533333333335 
Boy_Friend,269.60266666666666 
Boy_Friend,270.27000000000004 
Ardle,271.43783333333334 
Ardle,271.6046666666667 
Ardle,271.7715 
Ardle,271.93833333333333 
Ardle,272.10516666666666 
Ardle,272.27200000000005 
Ardle,272.4388333333334 
Ardle,272.6056666666667 
Ardle,272.77250000000004 
Ardle,272.93933333333337 
Ardle,273.1061666666667 
Ardle,273.273 
Ardle,273.43983333333335 
Ardle,273.6066666666667 
Ardle,273.7735 
Ardle,273.94033333333334 
Ardle,274.10716666666667 
Ardle,274.274 
Ardle,318.48483333333337 
Ardle,321.8215 
Ardle,321.98833333333334 
Ardle,323.1561666666667 
Miss,323.1561666666667 
Ardle,323.32300000000004 
Miss,323.32300000000004 
Ardle,323.48983333333337 
Miss,323.48983333333337 
Ardle,323.6566666666667 
Miss,323.6566666666667 
Ardle,323.8235 
Miss,323.8235 
Ardle,323.99033333333335 
Miss,323.99033333333335 
Miss,324.1571666666667 
Miss,324.49083333333334 
Miss,324.65766666666667 
Miss,324.8245 
Ardle,325.32500000000005 
Ardle,326.99333333333334 
Ardle,327.16016666666667 
Ardle,327.32700000000006 
Ardle,327.4938333333334 
Ardle,327.6606666666667 
Ardle,327.82750000000004 
Ardle,327.9943333333334 
Ardle,328.1611666666667 
Ardle,328.32800000000003 
Ardle,330.6636666666667 
Ardle,330.83050000000003 
Ardle,330.99733333333336 
Ardle,331.1641666666667 
Ardle,331.331 
Ardle,331.49783333333335 
Ardle,331.6646666666667 
Ardle,331.8315 
Ardle,331.99833333333333 
Ardle,332.1651666666667 
Ardle,332.33200000000005 
Ardle,332.4988333333334 
Ardle,332.6656666666667 
Ardle,332.83250000000004 
Miss,332.99933333333337 
Miss,333.1661666666667 
Miss,333.333 
Miss,333.49983333333336 
Miss,333.6666666666667 
Miss,333.8335 
Miss,334.00033333333334 
Miss,334.1671666666667 
Miss,334.334 
Miss,334.5008333333334 
Miss,334.6676666666667 
Miss,334.83450000000005 
Miss,335.0013333333334 
Miss,335.1681666666667 
Miss,335.33500000000004 
Miss,335.50183333333337 
Miss,335.6686666666667 
Miss,335.8355 
Miss,336.00233333333335 
Miss,336.1691666666667 
Miss,342.6756666666667 
Miss,342.84250000000003 
Miss,343.00933333333336 
Miss,343.1761666666667 
Miss,343.6766666666667 
Miss,343.8435 
Miss,344.01033333333334 
Miss,344.1771666666667 
Miss,344.34400000000005 
Miss,344.5108333333334 
Miss,344.6776666666667 
Miss,344.84450000000004 
Miss,345.01133333333337 
Miss,345.1781666666667 
Miss,345.345 
Miss,345.51183333333336 
Miss,345.6786666666667 
Miss,345.8455 
Miss,346.01233333333334 
Ardle,346.1791666666667 
Ardle,346.346 
Ardle,346.5128333333334 
Ardle,346.6796666666667 
Ardle,346.84650000000005 
Ardle,347.0133333333334 
Ardle,347.1801666666667 
Ardle,347.34700000000004 
Ardle,347.51383333333337 
Ardle,347.6806666666667 
Ardle,347.8475 
Ardle,348.01433333333335 
Miss,348.1811666666667 
Miss,348.348 
Miss,348.51483333333334 
Miss,348.6816666666667 
Miss,348.8485 
Miss,349.0153333333334 
Miss,349.1821666666667 
Miss,349.34900000000005 
Miss,349.5158333333334 
Miss,349.6826666666667 
Miss,349.84950000000003 
Miss,350.01633333333336 
Miss,350.1831666666667 
Miss,350.35 
Miss,350.51683333333335 
Ardle,350.6836666666667 
Ardle,350.8505 
Ardle,351.01733333333334 
Ardle,351.18416666666667 
Ardle,351.35100000000006 
Ardle,351.5178333333334 
Ardle,351.6846666666667 
Ardle,351.85150000000004 
Ardle,352.0183333333334 
Ardle,352.1851666666667 
Ardle,352.35200000000003 
Ardle,352.51883333333336 
Ardle,352.6856666666667 
Ardle,352.8525 
Ardle,353.01933333333335 
Ardle,353.1861666666667 
Ardle,353.353 
Miss,353.6866666666667 
Miss,354.1871666666667 
Miss,354.35400000000004 
Miss,354.52083333333337 
Miss,354.6876666666667 
Miss,354.85450000000003 
Miss,355.02133333333336 
Miss,355.1881666666667 
Miss,355.355 
Miss,355.52183333333335 
Miss,355.6886666666667 
Ardle,369.53583333333336 
Ardle,369.7026666666667 
Ardle,369.8695 
Ardle,370.03633333333335 
Ardle,370.2031666666667 
Ardle,370.37 
Ardle,370.5368333333334 
Ardle,370.7036666666667 
Ardle,370.87050000000005 
Ardle,371.0373333333334 
Ardle,371.2041666666667 
Ardle,373.37300000000005 
Ardle,373.5398333333334 
Ardle,373.7066666666667 
Ardle,373.87350000000004 
Ardle,374.04033333333336 
Ardle,374.2071666666667 
Ardle,374.374 
Ardle,374.54083333333335 
Ardle,374.7076666666667 
Ardle,374.8745 
Ardle,375.04133333333334 
Ardle,375.20816666666667 
Ardle,375.37500000000006 
Miss,377.2101666666667 
Miss,377.377 
Miss,377.54383333333334 
Miss,377.7106666666667 
Miss,377.87750000000005 
Miss,378.0443333333334 
Miss,378.2111666666667 
Miss,378.37800000000004 
Miss,378.5448333333334 
Miss,378.7116666666667 
Miss,378.87850000000003 
Miss,379.04533333333336 
Miss,379.2121666666667 
Miss,379.379 
Miss,379.54583333333335 
Miss,379.7126666666667 
Miss,379.8795 
Miss,380.0463333333334 
Miss,380.2131666666667 
Miss,380.38000000000005 
Miss,380.5468333333334 
Boy_Friend,384.7176666666667 
Boy_Friend,384.88450000000006 
Boy_Friend,385.0513333333334 
Boy_Friend,385.2181666666667 
Boy_Friend,385.38500000000005 
Boy_Friend,385.5518333333334 
Boy_Friend,385.7186666666667 
Boy_Friend,385.88550000000004 
Boy_Friend,386.05233333333337 
Boy_Friend,386.2191666666667 
Boy_Friend,386.386 
Boy_Friend,386.55283333333335 
Boy_Friend,386.7196666666667 
Boy_Friend,386.8865 
Boy_Friend,387.05333333333334 
Boy_Friend,387.22016666666667 
Boy_Friend,387.38700000000006 
Boy_Friend,387.5538333333334 
Boy_Friend,387.7206666666667 
Boy_Friend,387.88750000000005 
Boy_Friend,388.0543333333334 
Boy_Friend,388.2211666666667 
Boy_Friend,388.38800000000003 
Boy_Friend,388.55483333333336 
Boy_Friend,388.7216666666667 
Boy_Friend,388.8885 
Boy_Friend,389.05533333333335 
Boy_Friend,389.2221666666667 
Boy_Friend,389.389 
Boy_Friend,389.55583333333334 
Boy_Friend,389.7226666666667 
Boy_Friend,389.88950000000006 
Boy_Friend,390.0563333333334 
Boy_Friend,390.2231666666667 
Boy_Friend,390.39000000000004 
Boy_Friend,390.5568333333334 
Boy_Friend,390.7236666666667 
Boy_Friend,390.89050000000003 
Boy_Friend,391.05733333333336 
Boy_Friend,391.2241666666667 
Boy_Friend,391.391 
Boy_Friend,391.55783333333335 
Boy_Friend,391.7246666666667 
Boy_Friend,391.8915 
Boy_Friend,392.0583333333334 
Boy_Friend,392.2251666666667 
Boy_Friend,392.39200000000005 
Boy_Friend,392.5588333333334 
Boy_Friend,392.7256666666667 
Boy_Friend,392.89250000000004 
Boy_Friend,393.05933333333337 
Boy_Friend,393.2261666666667 
Boy_Friend,393.39300000000003 
Boy_Friend,393.55983333333336 
Boy_Friend,393.7266666666667 
Boy_Friend,393.8935 
Boy_Friend,394.06033333333335 
Boy_Friend,394.2271666666667 
Boy_Friend,394.394 
Ardle,394.5608333333334 
Ardle,394.7276666666667 
Ardle,394.89450000000005 
Ardle,395.0613333333334 
Ardle,395.2281666666667 
Ardle,395.39500000000004 
Ardle,395.56183333333337 
Ardle,395.7286666666667 
Ardle,395.8955 
Ardle,396.06233333333336 
Ardle,399.2321666666667 
Ardle,399.39900000000006 
Ardle,399.5658333333334 
Ardle,399.7326666666667 
Ardle,399.89950000000005 
Ardle,400.0663333333334 
Ardle,400.2331666666667 
Ardle,400.40000000000003 
Ardle,400.56683333333336 
Ardle,400.7336666666667 
Ardle,400.9005 
Ardle,401.06733333333335 
Ardle,401.2341666666667 
Ardle,401.401 
Ardle,401.56783333333334 
Ardle,401.7346666666667 
Ardle,401.90150000000006 
Ardle,402.0683333333334 
Ardle,402.2351666666667 
Ardle,402.40200000000004 
Ardle,402.5688333333334 
Ardle,402.7356666666667 
Ardle,402.90250000000003 
Ardle,403.06933333333336 
Boy_Friend,403.2361666666667 
Boy_Friend,403.403 
Boy_Friend,403.56983333333335 
Boy_Friend,403.7366666666667 
Boy_Friend,403.9035 
Boy_Friend,404.0703333333334 
Boy_Friend,404.2371666666667 
Boy_Friend,404.40400000000005 
Boy_Friend,404.5708333333334 
Boy_Friend,404.7376666666667 
Boy_Friend,404.90450000000004 
Boy_Friend,405.07133333333337 
Boy_Friend,405.2381666666667 
Boy_Friend,405.40500000000003 
Boy_Friend,405.57183333333336 
Boy_Friend,405.7386666666667 
Boy_Friend,405.9055 
Ardle,406.07233333333335 
Ardle,406.2391666666667 
Ardle,406.406 
Ardle,406.5728333333334 
Ardle,406.7396666666667 
Ardle,406.90650000000005 
Ardle,407.0733333333334 
Ardle,407.2401666666667 
Ardle,407.40700000000004 
Ardle,407.57383333333337 
Ardle,407.7406666666667 
Ardle,407.9075 
Ardle,408.07433333333336 
Ardle,408.2411666666667 
Boy_Friend,408.408 
Boy_Friend,408.57483333333334 
Boy_Friend,408.7416666666667 
Boy_Friend,408.90850000000006 
Boy_Friend,409.0753333333334 
Boy_Friend,409.2421666666667 
Boy_Friend,409.40900000000005 
Boy_Friend,409.5758333333334 
Boy_Friend,409.7426666666667 
Boy_Friend,409.90950000000004 
Boy_Friend,410.07633333333337 
Boy_Friend,410.2431666666667 
Boy_Friend,410.41 
Boy_Friend,410.57683333333335 
Boy_Friend,410.7436666666667 
Boy_Friend,410.9105 
Boy_Friend,411.07733333333334 
Boy_Friend,411.24416666666673 
Boy_Friend,411.41100000000006 
Boy_Friend,411.5778333333334 
Boy_Friend,411.7446666666667 
Boy_Friend,411.91150000000005 
Boy_Friend,412.0783333333334 
Boy_Friend,412.2451666666667 
Boy_Friend,412.41200000000003 
Boy_Friend,412.57883333333336 
Boy_Friend,412.7456666666667 
Boy_Friend,412.9125 
Boy_Friend,413.07933333333335 
Boy_Friend,413.2461666666667 
Boy_Friend,413.413 
Boy_Friend,413.57983333333334 
Boy_Friend,413.7466666666667 
Boy_Friend,413.91350000000006 
Boy_Friend,414.0803333333334 
Boy_Friend,414.2471666666667 
Boy_Friend,414.41400000000004 
Boy_Friend,414.5808333333334 
Ardle,414.7476666666667 
Ardle,414.91450000000003 
Ardle,415.08133333333336 
Ardle,415.2481666666667 
Ardle,415.415 
Ardle,415.58183333333335 
Ardle,415.7486666666667 
Ardle,415.9155 
Ardle,416.0823333333334 
Boy_Friend,416.2491666666667 
Boy_Friend,416.41600000000005 
Boy_Friend,416.5828333333334 
Boy_Friend,416.7496666666667 
Boy_Friend,416.91650000000004 
Boy_Friend,417.08333333333337 
Boy_Friend,417.2501666666667 
Boy_Friend,417.41700000000003 
Boy_Friend,417.58383333333336 
Boy_Friend,417.7506666666667 
Boy_Friend,417.9175 
Boy_Friend,418.08433333333335 
Boy_Friend,418.2511666666667 
Boy_Friend,418.41800000000006 
Boy_Friend,418.5848333333334 
Boy_Friend,418.7516666666667 
Boy_Friend,418.91850000000005 
Boy_Friend,419.0853333333334 
Boy_Friend,419.2521666666667 
Boy_Friend,419.41900000000004 
Boy_Friend,419.58583333333337 
Ardle,419.7526666666667 
Ardle,419.9195 
Ardle,420.08633333333336 
Ardle,420.2531666666667 
Ardle,420.42 
Ardle,420.58683333333335 
Boy_Friend,420.7536666666667 
Boy_Friend,420.92050000000006 
Boy_Friend,421.0873333333334 
Boy_Friend,421.2541666666667 
Boy_Friend,421.42100000000005 
Boy_Friend,421.5878333333334 
Boy_Friend,421.7546666666667 
Boy_Friend,421.92150000000004 
Boy_Friend,422.08833333333337 
Boy_Friend,422.2551666666667 
Boy_Friend,422.422 
Boy_Friend,422.58883333333335 
Boy_Friend,422.7556666666667 
Boy_Friend,422.9225 
Boy_Friend,423.08933333333334 
Boy_Friend,423.25616666666673 
Boy_Friend,423.42300000000006 
Boy_Friend,423.5898333333334 
Boy_Friend,423.7566666666667 
Boy_Friend,423.92350000000005 
Boy_Friend,424.0903333333334 
Boy_Friend,424.2571666666667 
Boy_Friend,424.42400000000004 
Boy_Friend,424.59083333333336 
Boy_Friend,424.7576666666667 
Boy_Friend,424.9245 
Boy_Friend,425.09133333333335 
Boy_Friend,425.2581666666667 
Boy_Friend,425.425 
Boy_Friend,425.59183333333334 
Boy_Friend,425.7586666666667 
Boy_Friend,425.92550000000006 
Boy_Friend,426.0923333333334 
Boy_Friend,426.2591666666667 
Boy_Friend,426.42600000000004 
Boy_Friend,426.5928333333334 
Boy_Friend,426.7596666666667 
Boy_Friend,426.92650000000003 
Boy_Friend,427.09333333333336 
Boy_Friend,427.2601666666667 
Boy_Friend,427.427 
Boy_Friend,427.59383333333335 
Boy_Friend,427.7606666666667 
Boy_Friend,427.9275 
Boy_Friend,428.0943333333334 
Boy_Friend,428.2611666666667 
Boy_Friend,428.42800000000005 
Boy_Friend,428.5948333333334 
Boy_Friend,428.7616666666667 
Boy_Friend,428.92850000000004 
Boy_Friend,429.0953333333334 
Boy_Friend,429.7626666666667 
Boy_Friend,429.9295 
Boy_Friend,430.09633333333335 
Boy_Friend,430.2631666666667 
Boy_Friend,430.43000000000006 
Boy_Friend,430.5968333333334 
Boy_Friend,430.7636666666667 
Boy_Friend,430.93050000000005 
Boy_Friend,431.0973333333334 
Boy_Friend,431.2641666666667 
Boy_Friend,431.43100000000004 
Boy_Friend,431.59783333333337 
Boy_Friend,431.7646666666667 
Boy_Friend,431.9315 
Boy_Friend,432.09833333333336 
Boy_Friend,432.2651666666667 
Boy_Friend,432.432 
Boy_Friend,432.59883333333335 
Boy_Friend,432.7656666666667 
Boy_Friend,432.93250000000006 
Boy_Friend,433.0993333333334 
Boy_Friend,433.2661666666667 
Boy_Friend,433.43300000000005 
Boy_Friend,433.5998333333334 
Boy_Friend,433.7666666666667 
Boy_Friend,433.93350000000004 
Boy_Friend,434.10033333333337 
Boy_Friend,434.2671666666667 
Boy_Friend,434.434 
Boy_Friend,434.60083333333336 
Boy_Friend,434.7676666666667 
Boy_Friend,434.9345 
Boy_Friend,435.10133333333334 
Ardle,435.26816666666673 
Ardle,435.43500000000006 
Ardle,435.6018333333334 
Ardle,435.7686666666667 
Ardle,435.93550000000005 
Ardle,436.1023333333334 
Ardle,436.2691666666667 
Ardle,436.43600000000004 
Ardle,436.60283333333336 
Ardle,436.7696666666667 
Ardle,436.9365 
Ardle,437.10333333333335 
Ardle,437.2701666666667 
Ardle,437.437 
Ardle,437.6038333333334 
Ardle,437.7706666666667 
Ardle,437.93750000000006 
Boy_Friend,438.1043333333334 
Boy_Friend,438.2711666666667 
Boy_Friend,438.43800000000005 
Boy_Friend,438.6048333333334 
Boy_Friend,438.7716666666667 
Boy_Friend,438.93850000000003 
Boy_Friend,439.10533333333336 
Boy_Friend,439.2721666666667 
Boy_Friend,439.439 
Boy_Friend,439.60583333333335 
Boy_Friend,439.7726666666667 
Boy_Friend,439.9395 
Boy_Friend,440.1063333333334 
Boy_Friend,440.2731666666667 
Boy_Friend,440.44000000000005 
Boy_Friend,440.6068333333334 
Boy_Friend,440.7736666666667 
Boy_Friend,440.94050000000004 
Boy_Friend,441.1073333333334 
Boy_Friend,441.2741666666667 
Boy_Friend,441.44100000000003 
Boy_Friend,441.60783333333336 
Boy_Friend,441.7746666666667 
Boy_Friend,441.9415 
Boy_Friend,442.10833333333335 
Boy_Friend,442.2751666666667 
Boy_Friend,442.44200000000006 
Boy_Friend,442.6088333333334 
Boy_Friend,442.7756666666667 
Boy_Friend,442.94250000000005 
Boy_Friend,443.1093333333334 
Boy_Friend,443.2761666666667 
Boy_Friend,443.44300000000004 
Boy_Friend,443.60983333333337 
Boy_Friend,443.7766666666667 
Boy_Friend,443.94350000000003 
Boy_Friend,444.11033333333336 
Boy_Friend,444.2771666666667 
Boy_Friend,444.444 
Boy_Friend,444.61083333333335 
Boy_Friend,444.77766666666673 
Boy_Friend,444.94450000000006 
Ardle,445.1113333333334 
Ardle,445.2781666666667 
Ardle,445.44500000000005 
Ardle,445.6118333333334 
Ardle,445.7786666666667 
Ardle,445.94550000000004 
Boy_Friend,446.11233333333337 
Boy_Friend,446.2791666666667 
Boy_Friend,446.446 
Boy_Friend,446.61283333333336 
Boy_Friend,446.7796666666667 
Boy_Friend,446.9465 
Boy_Friend,447.11333333333334 
Boy_Friend,447.28016666666673 
Boy_Friend,447.44700000000006 
Boy_Friend,447.6138333333334 
Boy_Friend,447.7806666666667 
Boy_Friend,447.94750000000005 
Boy_Friend,448.1143333333334 
Boy_Friend,448.2811666666667 
Boy_Friend,448.44800000000004 
Boy_Friend,448.61483333333337 
Boy_Friend,448.7816666666667 
Boy_Friend,448.9485 
Boy_Friend,449.11533333333335 
Boy_Friend,449.2821666666667 
Boy_Friend,449.449 
Boy_Friend,449.6158333333334 
Boy_Friend,449.7826666666667 
Boy_Friend,449.94950000000006 
Boy_Friend,450.1163333333334 
Boy_Friend,450.2831666666667 
Boy_Friend,450.45000000000005 
Boy_Friend,450.6168333333334 
Boy_Friend,450.7836666666667 
Boy_Friend,450.95050000000003 
Boy_Friend,451.11733333333336 
Boy_Friend,451.2841666666667 
Boy_Friend,451.451 
Boy_Friend,451.61783333333335 
Boy_Friend,451.7846666666667 
Boy_Friend,451.9515 
Boy_Friend,452.1183333333334 
Boy_Friend,452.2851666666667 
Boy_Friend,452.45200000000006 
Boy_Friend,452.6188333333334 
Boy_Friend,452.7856666666667 
Boy_Friend,452.95250000000004 
Boy_Friend,453.1193333333334 
Boy_Friend,453.2861666666667 
Boy_Friend,453.45300000000003 
Boy_Friend,453.61983333333336 
Boy_Friend,453.7866666666667 
Boy_Friend,454.12033333333335 
Boy_Friend,454.45400000000006 
Ardle,455.1213333333334 
Ardle,455.2881666666667 
Ardle,455.45500000000004 
Ardle,455.62183333333337 
Ardle,455.7886666666667 
Ardle,455.95550000000003 
Boy_Friend,456.12233333333336 
Boy_Friend,456.456 
Boy_Friend,456.62283333333335 
Boy_Friend,456.78966666666673 
Boy_Friend,456.95650000000006 
Boy_Friend,457.1233333333334 
Boy_Friend,457.2901666666667 
Boy_Friend,457.45700000000005 
Boy_Friend,457.6238333333334 
Boy_Friend,457.7906666666667 
Boy_Friend,457.95750000000004 
Boy_Friend,458.12433333333337 
Boy_Friend,458.2911666666667 
Boy_Friend,458.458 
Boy_Friend,458.62483333333336 
Boy_Friend,458.7916666666667 
Boy_Friend,458.9585 
Boy_Friend,459.12533333333334 
Boy_Friend,459.29216666666673 
Boy_Friend,459.45900000000006 
Boy_Friend,459.6258333333334 
Boy_Friend,459.7926666666667 
Boy_Friend,459.95950000000005 
Boy_Friend,460.1263333333334 
Boy_Friend,460.2931666666667 
Boy_Friend,460.46000000000004 
Boy_Friend,460.62683333333337 
Boy_Friend,460.7936666666667 
Boy_Friend,460.9605 
Boy_Friend,461.12733333333335 
Boy_Friend,461.2941666666667 
Boy_Friend,461.461 
Boy_Friend,461.6278333333334 
Boy_Friend,461.7946666666667 
Boy_Friend,461.96150000000006 
Boy_Friend,462.1283333333334 
Boy_Friend,462.2951666666667 
Boy_Friend,462.46200000000005 
Boy_Friend,462.6288333333334 
Boy_Friend,462.7956666666667 
Boy_Friend,462.96250000000003 
Boy_Friend,463.12933333333336 
Boy_Friend,463.2961666666667 
Boy_Friend,463.463 
Boy_Friend,463.62983333333335 
Boy_Friend,463.7966666666667 
Boy_Friend,463.96350000000007 
Boy_Friend,464.1303333333334 
Boy_Friend,464.2971666666667 
Boy_Friend,464.46400000000006 
Ardle,464.6308333333334 
Ardle,464.7976666666667 
Ardle,464.96450000000004 
Ardle,465.1313333333334 
Ardle,465.2981666666667 
Ardle,465.46500000000003 
Ardle,465.63183333333336 
Ardle,465.7986666666667 
Boy_Friend,465.9655 
Boy_Friend,466.13233333333335 
Boy_Friend,466.2991666666667 
Boy_Friend,466.46600000000007 
Boy_Friend,466.6328333333334 
Boy_Friend,466.7996666666667 
Boy_Friend,466.96650000000005 
Boy_Friend,467.1333333333334 
Boy_Friend,467.3001666666667 
Boy_Friend,467.46700000000004 
Boy_Friend,467.63383333333337 
Boy_Friend,467.8006666666667 
Ardle,467.96750000000003 
Ardle,468.13433333333336 
Ardle,468.3011666666667 
Ardle,468.468 
Ardle,468.63483333333335 
Ardle,468.80166666666673 
Ardle,468.96850000000006 
Ardle,469.1353333333334 
Ardle,469.3021666666667 
Ardle,469.46900000000005 
Ardle,469.6358333333334 
Ardle,469.8026666666667 
Ardle,469.96950000000004 
Ardle,470.13633333333337 
Ardle,470.3031666666667 
Ardle,470.47 
Ardle,470.63683333333336 
Ardle,470.8036666666667 
Ardle,470.9705 
Boy_Friend,471.6378333333334 
Boy_Friend,471.8046666666667 
Boy_Friend,471.97150000000005 
Boy_Friend,472.1383333333334 
Boy_Friend,472.3051666666667 
Boy_Friend,472.47200000000004 
Boy_Friend,472.63883333333337 
Boy_Friend,472.8056666666667 
Boy_Friend,472.9725 
Boy_Friend,473.13933333333335 
Boy_Friend,473.3061666666667 
Boy_Friend,473.473 
Boy_Friend,473.6398333333334 
Boy_Friend,473.80666666666673 
Boy_Friend,473.97350000000006 
Boy_Friend,474.1403333333334 
Boy_Friend,474.3071666666667 
Boy_Friend,474.47400000000005 
Boy_Friend,474.6408333333334 
Boy_Friend,474.8076666666667 
Boy_Friend,474.97450000000003 
Boy_Friend,475.14133333333336 
Boy_Friend,475.3081666666667 
Boy_Friend,475.475 
Boy_Friend,475.64183333333335 
Boy_Friend,475.8086666666667 
Boy_Friend,475.97550000000007 
Boy_Friend,476.1423333333334 
Boy_Friend,476.3091666666667 
Boy_Friend,476.47600000000006 
Boy_Friend,476.6428333333334 
Boy_Friend,476.8096666666667 
Boy_Friend,476.97650000000004 
Boy_Friend,477.1433333333334 
Boy_Friend,477.3101666666667 
Boy_Friend,477.47700000000003 
Boy_Friend,480.48 
Miss,480.48 
Boy_Friend,480.64683333333335 
Miss,480.64683333333335 
Miss,481.98150000000004 
Miss,482.14833333333337 
Boy_Friend,483.31616666666673 
Boy_Friend,483.48300000000006 
Boy_Friend,483.8166666666667 
Miss,483.8166666666667 
Boy_Friend,483.98350000000005 
Boy_Friend,484.1503333333334 
Boy_Friend,484.48400000000004 
Boy_Friend,484.65083333333337 
Boy_Friend,484.8176666666667 
Miss,484.8176666666667 
Boy_Friend,484.9845 
Miss,484.9845 
Boy_Friend,485.15133333333335 
Miss,485.15133333333335 
Miss,485.3181666666667 
Boy_Friend,485.3181666666667 
Boy_Friend,485.485 
Miss,485.485 
Miss,485.81866666666673 
Ardle,490.49000000000007 
Ardle,491.49100000000004 
Ardle,491.8246666666667 
Ardle,491.99150000000003 
Ardle,492.15833333333336 
Ardle,492.3251666666667 
Ardle,492.492 
Ardle,492.82566666666673 
Ardle,492.99250000000006 
Ardle,493.1593333333334 
Ardle,493.3261666666667 
Ardle,493.49300000000005 
Ardle,493.6598333333334 
Ardle,493.8266666666667 
Ardle,502.16833333333335 
Ardle,502.33516666666674 
Ardle,502.50200000000007 
Ardle,502.6688333333334 
Ardle,502.8356666666667 
Ardle,503.00250000000005 
Ardle,503.1693333333334 
Ardle,503.3361666666667 
Ardle,503.50300000000004 
Ardle,503.6698333333334 
Ardle,503.8366666666667 
Ardle,504.00350000000003 
Ardle,504.17033333333336 
Ardle,504.3371666666667 
Ardle,504.504 
Ardle,504.67083333333335 
Boy_Friend,508.8416666666667 
Boy_Friend,509.3421666666667 
Boy_Friend,509.509 
Boy_Friend,509.6758333333334 
Boy_Friend,509.84266666666673 
Miss,515.5150000000001 
Boy_Friend,520.5200000000001 
Boy_Friend,520.6868333333334 
Boy_Friend,520.8536666666668 
Boy_Friend,521.0205000000001 
Boy_Friend,521.1873333333334 
Boy_Friend,521.3541666666667 
Boy_Friend,521.5210000000001 
Boy_Friend,521.6878333333334 
Boy_Friend,521.8546666666667 
Boy_Friend,522.0215000000001 
Miss,522.1883333333334 
Boy_Friend,527.1933333333334 
Boy_Friend,528.1943333333334 
Boy_Friend,528.6948333333333 
Boy_Friend,528.8616666666667 
Boy_Friend,529.0285 
Boy_Friend,530.3631666666668 
Miss,532.0315 
Miss,532.1983333333334 
Miss,532.3651666666667 
Miss,532.532 
Miss,532.6988333333334 
Miss,532.8656666666667 
Miss,533.0325 
Miss,533.1993333333334 
Miss,533.3661666666667 
Miss,533.533 
Miss,533.6998333333333 
Miss,533.8666666666667 
Miss,534.0335 
Miss,534.2003333333333 
Miss,534.3671666666667 
Miss,534.534 
Miss,534.7008333333334 
Miss,534.8676666666668 
Miss,535.0345000000001 
Miss,535.2013333333334 
Miss,535.3681666666668 
Boy_Friend,550.5500000000001 
Boy_Friend,550.7168333333334 
Boy_Friend,550.8836666666667 
Boy_Friend,551.8846666666667 
Boy_Friend,552.0515 
Boy_Friend,552.2183333333334 
Boy_Friend,552.3851666666667 
Ardle,554.2203333333334 
Ardle,554.3871666666668 
Ardle,554.5540000000001 
Ardle,554.7208333333334 
Ardle,554.8876666666667 
Ardle,555.0545000000001 
Ardle,555.2213333333334 
Ardle,555.3881666666667 
Ardle,555.5550000000001 
Ardle,555.7218333333334 
Ardle,555.8886666666667 
Ardle,556.0555 
Ardle,556.2223333333334 
Ardle,556.3891666666667 
Ardle,556.556 
Ardle,556.7228333333334 
Ardle,556.8896666666667 
Ardle,557.0565 
Boy_Friend,557.2233333333334 
Boy_Friend,557.557 
Boy_Friend,557.7238333333333 
Boy_Friend,558.7248333333334 
Boy_Friend,558.8916666666668 
Boy_Friend,559.0585000000001 
Boy_Friend,559.2253333333334 
Boy_Friend,559.3921666666668 
Ardle,560.5600000000001 
Ardle,560.7268333333334 
Ardle,560.8936666666667 
Ardle,561.0605 
Ardle,561.2273333333334 
Ardle,561.3941666666667 
Ardle,561.561 
Ardle,561.7278333333334 
Ardle,561.8946666666667 
Ardle,562.0615 
Ardle,562.2283333333334 
Ardle,562.3951666666667 
Ardle,562.562 
Ardle,562.7288333333333 
Ardle,562.8956666666667 
Ardle,563.0625 
Ardle,563.2293333333333 
Ardle,563.3961666666667 
Ardle,563.5630000000001 
Boy_Friend,563.7298333333334 
Boy_Friend,563.8966666666668 
Boy_Friend,565.3981666666667 
Boy_Friend,566.0655 
Boy_Friend,566.7328333333334 
Boy_Friend,566.8996666666667 
Boy_Friend,567.0665 
Boy_Friend,567.2333333333333 
Boy_Friend,567.4001666666667 
Boy_Friend,567.567 
Ardle,567.7338333333333 
Ardle,567.9006666666667 
Ardle,568.0675 
Ardle,568.2343333333333 
Ardle,568.4011666666668 
Ardle,568.5680000000001 
Ardle,568.7348333333334 
Ardle,568.9016666666668 
Ardle,569.0685000000001 
Ardle,569.2353333333334 
Ardle,569.4021666666667 
Ardle,569.5690000000001 
Ardle,569.7358333333334 
Ardle,569.9026666666667 
Ardle,570.0695000000001 
Ardle,570.2363333333334 
Boy_Friend,570.4031666666667 
Boy_Friend,570.57 
Boy_Friend,570.7368333333334 
Boy_Friend,570.9036666666667 
Boy_Friend,571.0705 
Boy_Friend,571.2373333333334 
Boy_Friend,571.4041666666667 
Boy_Friend,571.571 
Boy_Friend,571.7378333333334 
Boy_Friend,571.9046666666667 
Boy_Friend,572.0715 
Boy_Friend,572.2383333333333 
Boy_Friend,572.4051666666667 
Boy_Friend,572.572 
Boy_Friend,573.0725000000001 
Boy_Friend,573.2393333333334 
Boy_Friend,573.7398333333334 
Boy_Friend,573.9066666666668 
Boy_Friend,574.0735000000001 
Boy_Friend,574.2403333333334 
Boy_Friend,574.4071666666667 
Boy_Friend,574.5740000000001 
Boy_Friend,575.2413333333334 
Boy_Friend,575.4081666666667 
Boy_Friend,575.575 
Boy_Friend,575.9086666666667 
Boy_Friend,576.0755 
Boy_Friend,576.576 
Boy_Friend,576.7428333333334 
Boy_Friend,576.9096666666667 
Boy_Friend,577.0765 
Boy_Friend,577.2433333333333 
Boy_Friend,577.4101666666667 
Boy_Friend,577.577 
Boy_Friend,577.7438333333333 
Boy_Friend,578.0775000000001 
Boy_Friend,578.4111666666668 
Boy_Friend,578.5780000000001 
Boy_Friend,578.7448333333334 
Boy_Friend,578.9116666666667 
Boy_Friend,579.0785000000001 
Boy_Friend,579.2453333333334 
Ardle,579.4121666666667 
Ardle,579.5790000000001 
Ardle,579.7458333333334 
Ardle,579.9126666666667 
Ardle,580.0795 
Ardle,580.2463333333334 
Ardle,580.4131666666667 
Ardle,580.58 
Ardle,580.7468333333334 
Ardle,580.9136666666667 
Ardle,581.0805 
Boy_Friend,581.2473333333334 
Boy_Friend,581.4141666666667 
Boy_Friend,581.581 
Boy_Friend,581.7478333333333 
Boy_Friend,581.9146666666667 
Boy_Friend,582.0815 
Boy_Friend,582.2483333333333 
Boy_Friend,582.4151666666667 
Boy_Friend,582.582 
Boy_Friend,582.7488333333334 
Boy_Friend,582.9156666666668 
Boy_Friend,583.0825000000001 
Boy_Friend,583.2493333333334 
Boy_Friend,583.4161666666668 
Boy_Friend,583.5830000000001 
Boy_Friend,583.7498333333334 
Boy_Friend,589.4221666666667 
Boy_Friend,589.589 
Boy_Friend,589.7558333333334 
Boy_Friend,589.9226666666667 
Boy_Friend,590.0895 
Boy_Friend,590.2563333333334 
Boy_Friend,590.4231666666667 
Boy_Friend,590.59 
Boy_Friend,590.7568333333334 
Boy_Friend,590.9236666666667 
Boy_Friend,591.0905 
Boy_Friend,591.2573333333333 
Ardle,591.4241666666667 
Ardle,591.591 
Ardle,591.7578333333333 
Ardle,592.0915 
Ardle,592.2583333333334 
Ardle,592.4251666666668 
Ardle,592.5920000000001 
Ardle,592.7588333333334 
Ardle,592.9256666666668 
Ardle,593.0925000000001 
Ardle,593.2593333333334 
Ardle,593.4261666666667 
Ardle,593.5930000000001 
Ardle,593.7598333333334 
Ardle,593.9266666666667 
Ardle,594.0935000000001 
Ardle,594.2603333333334 
Boy_Friend,594.4271666666667 
Boy_Friend,594.594 
Boy_Friend,594.7608333333334 
Boy_Friend,594.9276666666667 
Boy_Friend,595.0945 
Boy_Friend,595.2613333333334 
Boy_Friend,595.4281666666667 
Boy_Friend,595.595 
Boy_Friend,595.7618333333334 
Boy_Friend,595.9286666666667 
Boy_Friend,596.0955 
Boy_Friend,596.2623333333333 
Boy_Friend,596.4291666666667 
Boy_Friend,596.596 
Boy_Friend,596.7628333333333 
Boy_Friend,596.9296666666667 
Boy_Friend,597.0965000000001 
Boy_Friend,597.2633333333334 
Boy_Friend,597.4301666666668 
Boy_Friend,597.5970000000001 
Boy_Friend,597.7638333333334 
Boy_Friend,597.9306666666668 
Ardle,598.0975000000001 
Ardle,598.2643333333334 
Ardle,598.4311666666667 
Ardle,598.5980000000001 
Ardle,598.7648333333334 
Ardle,598.9316666666667 
Ardle,599.0985000000001 
Ardle,599.2653333333334 
Ardle,599.4321666666667 
Ardle,599.599 
Ardle,599.7658333333334 
Ardle,599.9326666666667 
Boy_Friend,600.0995 
Boy_Friend,600.2663333333334 
Boy_Friend,600.4331666666667 
Boy_Friend,600.6 
Boy_Friend,600.7668333333334 
Boy_Friend,600.9336666666667 
Boy_Friend,601.1005 
Boy_Friend,601.2673333333333 
Boy_Friend,601.4341666666667 
Boy_Friend,601.601 
Boy_Friend,601.7678333333333 
Boy_Friend,601.9346666666668 
Boy_Friend,602.1015000000001 
Boy_Friend,602.2683333333334 
Boy_Friend,602.4351666666668 
Miss,604.7708333333334 
Miss,604.9376666666667 
Miss,605.1045 
Miss,605.2713333333334 
Miss,605.4381666666667 
Miss,605.605 
Miss,605.7718333333333 
Miss,605.9386666666667 
Miss,606.1055 
Miss,606.2723333333333 
Miss,606.4391666666667 
Boy_Friend,608.7748333333334 
Boy_Friend,608.9416666666667 
Ardle,610.4431666666667 
Ardle,610.61 
Ardle,611.1105 
Ardle,611.2773333333333 
Ardle,611.4441666666668 
Boy_Friend,613.1125000000001 
Boy_Friend,613.2793333333334 
Boy_Friend,613.4461666666667 
Boy_Friend,613.613 
Boy_Friend,613.7798333333334 
Boy_Friend,613.9466666666667 
Boy_Friend,614.1135 
Boy_Friend,614.2803333333334 
Boy_Friend,614.4471666666667 
Boy_Friend,614.614 
Boy_Friend,614.7808333333334 
Boy_Friend,614.9476666666667 
Boy_Friend,615.1145 
Boy_Friend,615.2813333333334 
Boy_Friend,615.4481666666667 
Boy_Friend,615.615 
Boy_Friend,615.7818333333333 
Boy_Friend,615.9486666666667 
Boy_Friend,616.1155 
Boy_Friend,616.2823333333334 
Boy_Friend,616.4491666666668 
Boy_Friend,616.6160000000001 
Boy_Friend,616.7828333333334 
Boy_Friend,616.9496666666668 
Boy_Friend,617.1165000000001 
Boy_Friend,617.2833333333334 
Boy_Friend,617.4501666666667 
Boy_Friend,617.6170000000001 
Boy_Friend,617.7838333333334 
Ardle,617.9506666666667 
Ardle,618.1175000000001 
Ardle,618.2843333333334 
Ardle,618.4511666666667 
Ardle,618.618 
Ardle,618.7848333333334 
Ardle,618.9516666666667 
Ardle,619.1185 
Ardle,619.2853333333334 
Ardle,619.4521666666667 
Ardle,619.619 
Ardle,619.7858333333334 
Ardle,619.9526666666667 
Ardle,620.1195 
Ardle,620.2863333333333 
Ardle,620.4531666666667 
Boy_Friend,623.2893333333334 
Boy_Friend,623.4561666666667 
Boy_Friend,623.623 
Boy_Friend,623.7898333333334 
Boy_Friend,623.9566666666667 
Boy_Friend,624.1235 
Boy_Friend,624.2903333333334 
Boy_Friend,624.4571666666667 
Boy_Friend,624.624 
Boy_Friend,624.7908333333334 
Boy_Friend,624.9576666666667 
Boy_Friend,625.1245 
Boy_Friend,625.2913333333333 
Boy_Friend,625.4581666666667 
Boy_Friend,625.625 
Boy_Friend,625.7918333333333 
Boy_Friend,625.9586666666668 
Boy_Friend,626.1255000000001 
Boy_Friend,626.2923333333334 
Boy_Friend,626.4591666666668 
Boy_Friend,626.6260000000001 
Ardle,626.7928333333334 
Ardle,626.9596666666667 
Ardle,627.1265000000001 
Ardle,627.2933333333334 
Ardle,627.4601666666667 
Miss,627.6270000000001 
Miss,627.7938333333334 
Miss,627.9606666666667 
Miss,628.1275 
Miss,628.2943333333334 
Miss,628.4611666666667 
Miss,628.628 
Miss,628.7948333333334 
Miss,628.9616666666667 
Miss,629.1285 
Miss,629.2953333333334 
Miss,629.4621666666667 
Miss,629.629 
Miss,629.7958333333333 
Miss,629.9626666666667 
Boy_Friend,630.1295 
Boy_Friend,630.2963333333333 
Boy_Friend,630.4631666666667 
Boy_Friend,630.6300000000001 
Boy_Friend,630.7968333333334 
Boy_Friend,630.9636666666668 
Boy_Friend,631.1305000000001 
Boy_Friend,631.2973333333334 
Boy_Friend,631.4641666666668 
Boy_Friend,631.6310000000001 
Boy_Friend,631.7978333333334 
Boy_Friend,631.9646666666667 
Boy_Friend,632.1315000000001 
Boy_Friend,632.2983333333334 
Boy_Friend,632.4651666666667 
Boy_Friend,632.6320000000001 
Boy_Friend,632.7988333333334 
Boy_Friend,632.9656666666667 
Boy_Friend,633.1325 
Boy_Friend,633.2993333333334 
Boy_Friend,633.4661666666667 
Boy_Friend,633.633 
Boy_Friend,633.7998333333334 
Boy_Friend,633.9666666666667 
Boy_Friend,634.1335 
Boy_Friend,634.3003333333334 
Ardle,634.4671666666667 
Ardle,634.634 
Ardle,634.8008333333333 
Ardle,634.9676666666667 
Ardle,635.1345 
Ardle,635.3013333333333 
Ardle,635.4681666666668 
Ardle,635.6350000000001 
Ardle,635.8018333333334 
Ardle,635.9686666666668 
Ardle,636.1355000000001 
Ardle,636.3023333333334 
Ardle,636.4691666666668 
Boy_Friend,636.6360000000001 
Boy_Friend,636.8028333333334 
Boy_Friend,636.9696666666667 
Boy_Friend,637.1365000000001 
Boy_Friend,637.3033333333334 
Boy_Friend,637.4701666666667 
Boy_Friend,637.6370000000001 
Boy_Friend,637.8038333333334 
Boy_Friend,637.9706666666667 
Boy_Friend,638.1375 
Boy_Friend,638.3043333333334 
Boy_Friend,638.4711666666667 
Boy_Friend,638.638 
Boy_Friend,638.8048333333334 
Boy_Friend,638.9716666666667 
Boy_Friend,639.1385 
Boy_Friend,639.3053333333334 
Boy_Friend,639.4721666666667 
Boy_Friend,639.639 
Boy_Friend,639.8058333333333 
Boy_Friend,639.9726666666667 
Boy_Friend,640.1395 
Boy_Friend,640.3063333333334 
Boy_Friend,640.4731666666668 
Boy_Friend,640.6400000000001 
Boy_Friend,640.8068333333334 
Boy_Friend,640.9736666666668 
Boy_Friend,641.1405000000001 
Boy_Friend,641.3073333333334 
Boy_Friend,641.4741666666667 
Boy_Friend,641.6410000000001 
Miss,641.8078333333334 
Miss,641.9746666666667 
Miss,642.1415000000001 
Miss,642.3083333333334 
Miss,642.4751666666667 
Miss,642.642 
Miss,642.8088333333334 
Miss,642.9756666666667 
Miss,643.1425 
Miss,643.3093333333334 
Miss,643.4761666666667 
Ardle,644.3103333333333 
Ardle,644.4771666666667 
Ardle,644.644 
Ardle,644.8108333333333 
Ardle,645.1445000000001 
Ardle,645.3113333333334 
Ardle,647.9806666666667 
Ardle,648.1475 
Ardle,648.3143333333334 
Ardle,648.4811666666667 
Ardle,648.648 
Ardle,648.8148333333334 
Ardle,648.9816666666667 
Boy_Friend,649.1485 
Boy_Friend,649.3153333333333 
Boy_Friend,649.4821666666667 
Boy_Friend,649.649 
Boy_Friend,649.8158333333334 
Boy_Friend,649.9826666666668 
Boy_Friend,650.1495000000001 
Boy_Friend,650.3163333333334 
Boy_Friend,650.4831666666668 
Boy_Friend,650.6500000000001 
Boy_Friend,650.8168333333334 
Boy_Friend,650.9836666666667 
Boy_Friend,651.1505000000001 
Boy_Friend,651.3173333333334 
Ardle,651.4841666666667 
Ardle,651.6510000000001 
Ardle,651.8178333333334 
Ardle,651.9846666666667 
Ardle,652.1515 
Ardle,652.3183333333334 
Ardle,652.4851666666667 
Miss,652.652 
Miss,652.8188333333334 
Miss,652.9856666666667 
Miss,653.1525 
Miss,653.3193333333334 
Miss,653.4861666666667 
Miss,653.653 
Miss,653.8198333333333 
Miss,653.9866666666667 
Miss,654.1535 
Miss,654.3203333333333 
Miss,654.4871666666667 
Miss,654.6540000000001 
Miss,654.8208333333334 
Miss,654.9876666666668 
Boy_Friend,655.1545000000001 
Boy_Friend,655.3213333333334 
Boy_Friend,655.4881666666668 
Boy_Friend,655.6550000000001 
Boy_Friend,655.8218333333334 
Boy_Friend,655.9886666666667 
Boy_Friend,656.1555000000001 
Boy_Friend,656.3223333333334 
Boy_Friend,656.4891666666667 
Boy_Friend,656.6560000000001 
Boy_Friend,656.8228333333334 
Boy_Friend,656.9896666666667 
Boy_Friend,657.1565 
Boy_Friend,657.3233333333334 
Boy_Friend,657.4901666666667 
Boy_Friend,657.657 
Boy_Friend,657.8238333333334 
Boy_Friend,657.9906666666667 
Boy_Friend,658.1575 
Boy_Friend,658.3243333333334 
Boy_Friend,658.4911666666667 
Boy_Friend,658.658 
Boy_Friend,658.8248333333333 
Ardle,658.9916666666667 
Ardle,659.1585 
Ardle,659.3253333333333 
Ardle,659.4921666666668 
Ardle,659.6590000000001 
Ardle,659.8258333333334 
Boy_Friend,659.9926666666668 
Boy_Friend,660.1595000000001 
Boy_Friend,660.3263333333334 
Boy_Friend,660.4931666666668 
Boy_Friend,660.6600000000001 
Boy_Friend,660.8268333333334 
Boy_Friend,660.9936666666667 
Ardle,661.1605000000001 
Ardle,661.3273333333334 
Ardle,661.4941666666667 
Ardle,661.6610000000001 
Ardle,661.8278333333334 
Ardle,661.9946666666667 
Ardle,662.1615 
Ardle,662.3283333333334 
Miss,662.4951666666667 
Miss,662.662 
Miss,662.8288333333334 
Miss,662.9956666666667 
Ardle,663.1625 
Ardle,663.3293333333334 
Ardle,663.9966666666667 
Ardle,664.3303333333334 
Ardle,664.4971666666668 
Ardle,664.6640000000001 
Ardle,664.8308333333334 
Ardle,664.9976666666668 
Ardle,665.1645000000001 
Ardle,665.3313333333334 
Ardle,665.4981666666667 
Ardle,665.6650000000001 
Boy_Friend,665.8318333333334 
Boy_Friend,665.9986666666667 
Boy_Friend,666.1655000000001 
Boy_Friend,666.3323333333334 
Boy_Friend,666.4991666666667 
Boy_Friend,666.666 
Boy_Friend,666.8328333333334 
Boy_Friend,666.9996666666667 
Boy_Friend,667.1665 
Boy_Friend,667.3333333333334 
Boy_Friend,667.5001666666667 
Boy_Friend,667.667 
Boy_Friend,667.8338333333334 
Boy_Friend,668.0006666666667 
Boy_Friend,668.1675 
Boy_Friend,668.3343333333333 
Boy_Friend,668.5011666666667 
Boy_Friend,668.668 
Boy_Friend,668.8348333333333 
Boy_Friend,671.0036666666667 
Boy_Friend,671.1705000000001 
Boy_Friend,671.3373333333334 
Boy_Friend,671.5041666666667 
Boy_Friend,671.671 
Boy_Friend,671.8378333333334 
Boy_Friend,672.0046666666667 
Boy_Friend,672.1715 
Boy_Friend,672.3383333333334 
Boy_Friend,672.5051666666667 
Boy_Friend,672.672 
Boy_Friend,672.8388333333334 
Boy_Friend,673.0056666666667 
Boy_Friend,673.1725 
Boy_Friend,673.3393333333333 
Miss,673.5061666666667 
Miss,673.673 
Miss,673.8398333333334 
Miss,674.0066666666668 
Miss,674.1735000000001 
Miss,674.3403333333334 
Miss,674.5071666666668 
Miss,674.6740000000001 
Miss,674.8408333333334 
Miss,675.0076666666668 
Miss,675.1745000000001 
Boy_Friend,675.3413333333334 
Boy_Friend,675.5081666666667 
Boy_Friend,675.6750000000001 
Boy_Friend,675.8418333333334 
Boy_Friend,676.0086666666667 
Boy_Friend,676.1755 
Boy_Friend,676.3423333333334 
Boy_Friend,676.5091666666667 
Boy_Friend,676.676 
Miss,676.8428333333334 
Miss,677.0096666666667 
Miss,677.1765 
Miss,677.3433333333334 
Miss,677.5101666666667 
Miss,677.677 
Miss,677.8438333333334 
Miss,678.0106666666667 
Boy_Friend,680.3463333333334 
Boy_Friend,680.5131666666667 
Boy_Friend,680.6800000000001 
Boy_Friend,680.8468333333334 
Boy_Friend,681.0136666666667 
Boy_Friend,681.1805 
Boy_Friend,681.3473333333334 
Boy_Friend,681.5141666666667 
Boy_Friend,681.681 
Boy_Friend,681.8478333333334 
Boy_Friend,682.0146666666667 
Boy_Friend,682.1815 
Boy_Friend,682.3483333333334 
Boy_Friend,682.5151666666667 
Boy_Friend,682.682 
Ardle,682.8488333333333 
Ardle,683.0156666666667 
Ardle,683.1825 
Ardle,683.3493333333333 
Ardle,683.5161666666668 
Ardle,683.6830000000001 
Ardle,683.8498333333334 
Ardle,684.0166666666668 
Ardle,684.1835000000001 
Ardle,684.3503333333334 
Miss,684.5171666666668 
Miss,684.6840000000001 
Miss,684.8508333333334 
Miss,685.0176666666667 
Miss,685.1845000000001 
Miss,685.3513333333334 
Miss,685.5181666666667 
Miss,685.6850000000001 
Miss,685.8518333333334 
Miss,686.0186666666667 
Miss,686.1855 
Miss,686.3523333333334 
Miss,686.5191666666667 
Miss,686.686 
Miss,686.8528333333334 
Miss,687.0196666666667 
Miss,687.1865 
Miss,687.3533333333334 
Miss,687.5201666666667 
Miss,687.687 
Miss,687.8538333333333 
Ardle,688.0206666666667 
Ardle,688.1875000000001 
Ardle,688.3543333333334 
Ardle,688.5211666666668 
Ardle,688.6880000000001 
Ardle,688.8548333333334 
Ardle,689.0216666666668 
Ardle,689.1885000000001 
Ardle,689.3553333333334 
Ardle,689.5221666666667 
Ardle,689.6890000000001 
Ardle,689.8558333333334 
Ardle,690.0226666666667 
Ardle,690.1895000000001 
Ardle,690.3563333333334 
Ardle,690.5231666666667 
Miss,690.69 
Miss,690.8568333333334 
Miss,691.0236666666667 
Miss,691.1905 
Miss,691.3573333333334 
Miss,691.5241666666667 
Miss,691.691 
Miss,691.8578333333334 
Miss,692.0246666666667 
Miss,692.1915 
Miss,692.3583333333333 
Miss,692.5251666666667 
Miss,692.692 
Miss,692.8588333333333 
Miss,693.0256666666668 
Miss,693.1925000000001 
Miss,693.3593333333334 
Miss,693.5261666666668 
Miss,693.6930000000001 
Ardle,693.8598333333334 
Ardle,694.0266666666668 
Ardle,694.1935000000001 
Ardle,694.3603333333334 
Ardle,694.5271666666667 
Ardle,694.6940000000001 
Ardle,694.8608333333334 
Ardle,695.0276666666667 
Ardle,695.1945000000001 
Boy_Friend,695.3613333333334 
Boy_Friend,695.5281666666667 
Boy_Friend,695.695 
Boy_Friend,695.8618333333334 
Boy_Friend,696.0286666666667 
Boy_Friend,696.1955 
Boy_Friend,696.696 
Boy_Friend,696.8628333333334 
Boy_Friend,697.0296666666667 
Boy_Friend,697.1965 
Boy_Friend,697.3633333333333 
Boy_Friend,697.5301666666667 
Boy_Friend,697.697 
Boy_Friend,697.8638333333334 
Boy_Friend,698.0306666666668 
Boy_Friend,698.1975000000001 
Boy_Friend,698.3643333333334 
Boy_Friend,698.5311666666668 
Boy_Friend,698.6980000000001 
Boy_Friend,698.8648333333334 
Boy_Friend,699.0316666666668 
Ardle,699.1985000000001 
Ardle,699.3653333333334 
Ardle,699.5321666666667 
Ardle,699.6990000000001 
Ardle,699.8658333333334 
Ardle,700.0326666666667 
Ardle,700.1995000000001 
Ardle,700.3663333333334 
Ardle,700.5331666666667 
Boy_Friend,700.7 
Boy_Friend,700.8668333333334 
Boy_Friend,701.0336666666667 
Boy_Friend,701.2005 
Boy_Friend,701.3673333333334 
Miss,701.5341666666667 
Miss,701.701 
Miss,701.8678333333334 
Miss,702.0346666666667 
Miss,702.2015 
Miss,702.3683333333333 
Ardle,702.5351666666668 
Ardle,702.7020000000001 
Ardle,702.8688333333334 
Ardle,703.0356666666668 
Ardle,703.2025000000001 
Ardle,703.3693333333334 
Boy_Friend,704.7040000000001 
Boy_Friend,704.8708333333334 
Boy_Friend,705.0376666666667 
Boy_Friend,705.2045 
Boy_Friend,705.3713333333334 
Boy_Friend,705.5381666666667 
Boy_Friend,705.705 
Boy_Friend,705.8718333333334 
Ardle,706.0386666666667 
Ardle,706.8728333333333 
Ardle,707.0396666666667 
Boy_Friend,707.2065 
Boy_Friend,707.3733333333334 
Boy_Friend,707.5401666666668 
Boy_Friend,707.7070000000001 
Boy_Friend,707.8738333333334 
Boy_Friend,708.0406666666668 
Ardle,708.2075000000001 
Ardle,708.3743333333334 
Ardle,708.5411666666668 
Ardle,708.7080000000001 
Ardle,708.8748333333334 
Ardle,709.0416666666667 
Ardle,709.2085000000001 
Ardle,709.3753333333334 
Boy_Friend,709.5421666666667 
Boy_Friend,709.7090000000001 
Boy_Friend,709.8758333333334 
Boy_Friend,710.0426666666667 
Boy_Friend,710.71 
Boy_Friend,712.5451666666668 
Boy_Friend,712.7120000000001 
Boy_Friend,712.8788333333334 
Boy_Friend,713.0456666666668 
Boy_Friend,713.2125000000001 
Boy_Friend,713.3793333333334 
Boy_Friend,713.5461666666667 
Boy_Friend,713.7130000000001 
Boy_Friend,713.8798333333334 
Boy_Friend,714.0466666666667 
Miss,714.2135000000001 
Miss,714.3803333333334 
Miss,714.5471666666667 
Miss,714.714 
Miss,714.8808333333334 
Miss,715.0476666666667 
Miss,715.2145 
Miss,715.3813333333334 
Ardle,716.716 
Ardle,716.8828333333333 
Ardle,717.0496666666668 
Ardle,717.2165000000001 
Ardle,717.3833333333334 
Ardle,717.5501666666668 
Ardle,717.7170000000001 
Boy_Friend,717.8838333333334 
Boy_Friend,718.0506666666668 
Boy_Friend,718.2175000000001 
Boy_Friend,718.3843333333334 
Boy_Friend,718.5511666666667 
Boy_Friend,718.8848333333334 
Boy_Friend,719.0516666666667 
Boy_Friend,719.2185000000001 
Boy_Friend,719.3853333333334 
Boy_Friend,719.5521666666667 
Miss,720.2195 
Miss,720.3863333333334 
Miss,720.5531666666667 
Miss,720.72 
Miss,720.8868333333334 
Ardle,721.7210000000001 
Ardle,721.8878333333334 
Ardle,722.0546666666668 
Ardle,722.2215000000001 
Ardle,722.3883333333334 
Ardle,722.5551666666668 
Ardle,722.7220000000001 
Ardle,722.8888333333334 
Ardle,723.0556666666668 
Ardle,723.2225000000001 
Ardle,723.3893333333334 
Ardle,723.5561666666667 
Boy_Friend,723.7230000000001 
Boy_Friend,723.8898333333334 
Boy_Friend,724.0566666666667 
Boy_Friend,724.2235000000001 
Boy_Friend,724.3903333333334 
Boy_Friend,724.5571666666667 
Boy_Friend,724.724 
Boy_Friend,724.8908333333334 
Ardle,725.0576666666667 
Ardle,725.2245 
Ardle,725.3913333333334 
Ardle,725.5581666666667 
Ardle,725.725 
Ardle,725.8918333333334 
Ardle,726.0586666666667 
Ardle,726.2255 
Ardle,726.3923333333333 
Boy_Friend,726.5591666666668 
Boy_Friend,726.7260000000001 
Boy_Friend,726.8928333333334 
Boy_Friend,727.0596666666668 
Boy_Friend,727.2265000000001 
Boy_Friend,727.3933333333334 
Boy_Friend,727.5601666666668 
Boy_Friend,727.7270000000001 
Boy_Friend,727.8938333333334 
Boy_Friend,728.0606666666667 
Boy_Friend,728.2275000000001 
Boy_Friend,728.3943333333334 
Ardle,729.2285 
Ardle,729.3953333333334 
Ardle,729.5621666666667 
Ardle,729.729 
Ardle,729.8958333333334 
Ardle,730.2295 
Ardle,730.73 
Boy_Friend,731.0636666666667 
Boy_Friend,731.2305 
Boy_Friend,731.3973333333334 
Boy_Friend,731.5641666666668 
Boy_Friend,731.7310000000001 
Boy_Friend,731.8978333333334 
Boy_Friend,732.0646666666668 
Boy_Friend,732.2315000000001 
Boy_Friend,732.3983333333334 
Boy_Friend,732.5651666666668 
Boy_Friend,732.7320000000001 
Boy_Friend,732.8988333333334 
Miss,733.5661666666667 
Miss,733.7330000000001 
Miss,733.8998333333334 
Miss,734.0666666666667 
Miss,734.2335 
Boy_Friend,734.4003333333334 
Boy_Friend,734.5671666666667 
Boy_Friend,734.734 
Ardle,734.9008333333334 
Ardle,735.0676666666667 
Ardle,735.2345 
Miss,738.738 
Miss,738.9048333333334 
Miss,739.0716666666667 
Miss,739.2385 
Miss,739.4053333333334 
Miss,739.5721666666667 
Miss,739.739 
Miss,739.9058333333334 
Miss,740.0726666666667 
Miss,740.2395 
Miss,740.4063333333334 
Miss,740.5731666666667 
Miss,740.74 
Miss,740.9068333333335 
Miss,741.0736666666668 
Miss,741.2405000000001 
Miss,741.4073333333334 
Miss,741.5741666666668 
Miss,741.7410000000001 
Miss,741.9078333333334 
Miss,742.0746666666668 
Miss,742.2415000000001 
Miss,742.4083333333334 
Ardle,742.5751666666667 
Ardle,742.7420000000001 
Ardle,742.7420000000001 
Ardle,742.9088333333334 
Ardle,742.9088333333334 
Ardle,743.0756666666667 
Ardle,743.0756666666667 
Ardle,743.2425000000001 
Ardle,743.4093333333334 
Ardle,743.5761666666667 
Ardle,743.743 
Ardle,743.9098333333334 
Ardle,744.0766666666667 
Ardle,744.2435 
Ardle,744.4103333333334 
Ardle,744.5771666666667 
Ardle,744.744 
Ardle,744.9108333333334 
Ardle,745.0776666666667 
Ardle,745.2445 
Ardle,745.4113333333333 
Ardle,745.5781666666667 
Ardle,745.5781666666667 
Ardle,745.7450000000001 
Ardle,745.7450000000001 
Ardle,745.9118333333334 
Ardle,746.0786666666668 
Ardle,746.2455000000001 
Ardle,746.4123333333334 
Ardle,746.5791666666668 
Ardle,746.7460000000001 
Ardle,746.9128333333334 
Ardle,747.0796666666668 
Ardle,747.0796666666668 
Ardle,747.2465000000001 
Ardle,747.4133333333334 
Ardle,747.5801666666667 
Ardle,747.7470000000001 
Ardle,747.9138333333334 
Ardle,748.0806666666667 
Miss,763.5961666666667 
Miss,763.763 
Miss,763.9298333333334 
Miss,764.0966666666667 
Miss,764.2635 
Miss,764.4303333333334 
Miss,764.5971666666667 
Miss,764.764 
Miss,764.9308333333335 
Miss,765.0976666666668 
Miss,765.2645000000001 
Miss,765.4313333333334 
Miss,765.5981666666668 
Miss,765.7650000000001 
Miss,765.9318333333334 
Miss,766.0986666666668 
Miss,766.2655000000001 
Miss,766.4323333333334 
Miss,766.5991666666667 
Miss,766.7660000000001 
Miss,766.9328333333334 
Miss,777.6101666666667 
Miss,777.777 
Miss,777.9438333333334 
Miss,778.1106666666667 
Miss,778.2775 
Miss,778.4443333333334 
Miss,778.6111666666667 
Boy_Friend,780.4463333333334 
Ardle,782.4483333333334 
Ardle,782.6151666666667 
Ardle,782.782 
Ardle,782.9488333333334 
Ardle,783.1156666666667 
Ardle,783.2825 
Ardle,783.4493333333334 
Ardle,783.6161666666667 
Ardle,783.783 
Boy_Friend,783.9498333333333 
Ardle,785.4513333333334 
Ardle,785.6181666666668 
Ardle,785.7850000000001 
Ardle,785.9518333333334 
Ardle,786.1186666666667 
Ardle,786.2855000000001 
Ardle,786.4523333333334 
Ardle,786.6191666666667 
Ardle,786.7860000000001 
Ardle,786.9528333333334 
Ardle,787.1196666666667 
Ardle,787.2865 
Ardle,787.4533333333334 
Ardle,787.6201666666667 
Miss,788.1206666666667 
Miss,788.2875 
Miss,788.4543333333334 
Miss,788.6211666666667 
Miss,788.788 
Miss,788.9548333333335 
Miss,789.1216666666668 
Miss,789.2885000000001 
Miss,789.4553333333334 
Miss,789.6221666666668 
Miss,789.7890000000001 
Miss,789.9558333333334 
Boy_Friend,790.1226666666668 
Boy_Friend,790.2895000000001 
Boy_Friend,790.4563333333334 
Boy_Friend,790.6231666666667 
Boy_Friend,790.7900000000001 
Boy_Friend,790.9568333333334 
Boy_Friend,791.1236666666667 
Boy_Friend,791.2905000000001 
Boy_Friend,791.4573333333334 
Boy_Friend,791.6241666666667 
Boy_Friend,791.791 
Boy_Friend,791.9578333333334 
Boy_Friend,792.1246666666667 
Boy_Friend,792.2915 
Boy_Friend,792.4583333333334 
Boy_Friend,792.6251666666667 
Boy_Friend,792.792 
Boy_Friend,792.9588333333334 
Boy_Friend,793.1256666666667 
Boy_Friend,793.2925 
Boy_Friend,793.4593333333333 
Boy_Friend,793.6261666666667 
Boy_Friend,793.7930000000001 
Boy_Friend,793.9598333333334 
Boy_Friend,794.1266666666668 
Miss,805.9718333333334 
Ardle,809.3085000000001 
Miss,810.9768333333334 
Miss,811.1436666666667 
Miss,811.3105 
Miss,811.4773333333334 
Miss,811.6441666666667 
Miss,811.811 
Miss,811.9778333333334 
Miss,812.1446666666667 
Miss,812.3115 
Miss,812.4783333333334 
Miss,812.6451666666667 
Miss,812.812 
Miss,812.9788333333335 
Miss,813.1456666666668 
Miss,813.3125000000001 
Miss,813.4793333333334 
Miss,813.6461666666668 
Miss,813.8130000000001 
Miss,813.9798333333334 
Ardle,814.1466666666668 
Ardle,814.3135000000001 
Ardle,814.4803333333334 
Ardle,814.6471666666667 
Ardle,814.8140000000001 
Ardle,814.9808333333334 
Ardle,815.1476666666667 
Ardle,815.3145000000001 
Ardle,815.4813333333334 
Ardle,815.6481666666667 
Ardle,815.815 
Miss,815.9818333333334 
Miss,816.1486666666667 
Miss,816.3155 
Miss,816.4823333333334 
Miss,816.6491666666667 
Miss,816.816 
Miss,819.1516666666668 
Miss,819.3185000000001 
Miss,819.4853333333334 
Miss,819.6521666666667 
Miss,819.8190000000001 
Miss,819.9858333333334 
Miss,820.1526666666667 
Miss,820.3195000000001 
Miss,820.4863333333334 
Miss,820.6531666666667 
Miss,820.82 
Miss,820.9868333333334 
Miss,821.1536666666667 
Ardle,821.3205 
Ardle,821.4873333333334 
Ardle,821.6541666666667 
Ardle,821.821 
Ardle,821.9878333333334 
Ardle,822.1546666666667 
Ardle,822.3215 
Ardle,822.4883333333335 
Ardle,822.6551666666668 
Ardle,822.8220000000001 
Ardle,822.9888333333334 
Ardle,823.1556666666668 
Ardle,823.3225000000001 
Ardle,823.4893333333334 
Ardle,823.6561666666668 
Ardle,823.8230000000001 
Ardle,823.9898333333334 
Ardle,824.1566666666668 
Ardle,824.3235000000001 
Ardle,824.4903333333334 
Ardle,827.9938333333334 
Ardle,829.1616666666667 
Ardle,829.3285000000001 
Ardle,829.4953333333334 
Ardle,829.6621666666667 
Ardle,829.8290000000001 
Ardle,829.9958333333334 
Ardle,830.1626666666667 
Ardle,830.3295 
Ardle,830.4963333333334 
Ardle,830.6631666666667 
Ardle,830.83 
Ardle,833.3325000000001 
Ardle,833.4993333333334 
Ardle,833.6661666666668 
Ardle,833.8330000000001 
Ardle,833.9998333333334 
Ardle,834.1666666666667 
Ardle,834.3335000000001 
Ardle,834.5003333333334 
Ardle,834.6671666666667 
Ardle,834.8340000000001 
Ardle,835.0008333333334 
Ardle,835.1676666666667 
Ardle,835.3345 
Ardle,835.5013333333334 
Ardle,835.6681666666667 
Ardle,835.835 
Miss,836.0018333333334 
Miss,836.1686666666667 
Miss,836.3355 
Miss,836.5023333333334 
Miss,836.6691666666667 
Miss,836.8360000000001 
Miss,837.0028333333335 
Miss,837.1696666666668 
Miss,837.3365000000001 
Miss,837.5033333333334 
Miss,837.6701666666668 
Miss,837.8370000000001 
Miss,838.0038333333334 
Miss,838.1706666666668 
Miss,838.3375000000001 
Miss,838.5043333333334 
Miss,838.6711666666667 
Miss,838.8380000000001 
Miss,839.0048333333334 
Miss,839.1716666666667 
Miss,839.3385000000001 
Miss,839.5053333333334 
Miss,839.6721666666667 
Miss,839.839 
Miss,840.0058333333334 
Miss,840.1726666666667 
Miss,840.3395 
Ardle,840.5063333333334 
Ardle,840.6731666666667 
Ardle,840.84 
Ardle,841.0068333333334 
Ardle,841.1736666666667 
Ardle,841.3405 
Ardle,841.5073333333333 
Ardle,841.6741666666668 
Ardle,841.8410000000001 
Ardle,842.0078333333335 
Ardle,842.1746666666668 
Ardle,842.3415000000001 
Ardle,842.5083333333334 
Ardle,842.6751666666668 
Miss,842.8420000000001 
Miss,843.0088333333334 
Miss,843.1756666666668 
Miss,843.3425000000001 
Miss,843.5093333333334 
Miss,843.6761666666667 
Miss,843.8430000000001 
Miss,844.0098333333334 
Miss,844.1766666666667 
Miss,844.3435000000001 
Miss,844.5103333333334 
Miss,844.6771666666667 
Ardle,844.844 
Ardle,845.0108333333334 
Ardle,845.1776666666667 
Ardle,845.3445 
Ardle,845.5113333333334 
Ardle,845.6781666666667 
Ardle,845.845 
Ardle,846.0118333333334 
Ardle,846.1786666666667 
Ardle,846.3455 
Ardle,846.5123333333335 
Ardle,846.6791666666668 
Ardle,846.8460000000001 
Miss,847.0128333333334 
Miss,847.1796666666668 
Miss,847.3465000000001 
Miss,847.5133333333334 
Miss,847.6801666666668 
Miss,847.8470000000001 
Miss,848.0138333333334 
Miss,848.1806666666668 
Miss,848.3475000000001 
Miss,848.5143333333334 
Miss,848.6811666666667 
Miss,848.8480000000001 
Miss,849.0148333333334 
Miss,849.1816666666667 
Miss,849.3485000000001 
Miss,849.5153333333334 
Miss,849.6821666666667 
Miss,849.849 
Miss,850.0158333333334 
Miss,852.5183333333334 
