Name,TimeStamp
Ardle,0:00:24.858167
Ardle,0:00:25.025000
Ardle,0:00:25.191833
Ardle,0:00:25.358667
Ardle,0:00:25.525500
Ardle,0:00:25.692333
Ardle,0:00:25.859167
Ardle,0:00:26.026000
Ardle,0:00:26.192833
Ardle,0:00:26.359667
Ardle,0:00:26.526500
Ardle,0:00:26.693333
Ardle,0:00:26.860167
Ardle,0:00:27.027000
Ardle,0:00:27.193833
Ardle,0:00:27.360667
Ardle,0:00:27.527500
Ardle,0:00:27.694333
Ardle,0:00:27.861167
Ardle,0:00:28.028000
Ardle,0:00:28.194833
Ardle,0:00:28.361667
Ardle,0:00:28.528500
Ardle,0:00:28.695333
Ardle,0:00:28.862167
Ardle,0:00:29.029000
Ardle,0:00:29.195833
Miss,0:00:31.364667
Miss,0:00:31.531500
Miss,0:00:31.698333
Miss,0:00:31.865167
Miss,0:00:32.032000
Miss,0:00:32.198833
Miss,0:00:32.365667
Miss,0:00:32.532500
Miss,0:00:32.699333
Miss,0:00:32.866167
Miss,0:00:33.033000
Miss,0:00:33.199833
Miss,0:00:33.366667
Miss,0:00:33.533500
Miss,0:00:33.700333
Miss,0:00:33.867167
Ardle,0:00:34.034000
Ardle,0:00:34.200833
Ardle,0:00:34.367667
Ardle,0:00:34.534500
Ardle,0:00:34.701333
Ardle,0:00:34.868167
Ardle,0:00:35.035000
Ardle,0:00:35.201833
Ardle,0:00:35.368667
Ardle,0:00:35.535500
Ardle,0:00:35.702333
Ardle,0:00:35.869167
Ardle,0:00:36.036000
Ardle,0:00:36.202833
Ardle,0:00:36.369667
Ardle,0:00:36.536500
Ardle,0:00:36.536500
Ardle,0:00:36.703333
Ardle,0:00:36.870167
Ardle,0:00:36.870167
Ardle,0:00:37.037000
Ardle,0:00:37.037000
Ardle,0:00:37.203833
Ardle,0:00:37.370667
Ardle,0:00:37.537500
Ardle,0:00:37.704333
Ardle,0:00:37.871167
Miss,0:00:38.038000
Miss,0:00:38.204833
Miss,0:00:38.371667
Miss,0:00:38.538500
Miss,0:00:38.705333
Miss,0:00:38.872167
Miss,0:00:39.039000
Miss,0:00:39.205833
Miss,0:00:39.372667
Miss,0:00:39.539500
Miss,0:00:39.706333
Miss,0:00:39.873167
Miss,0:00:40.040000
Miss,0:00:40.206833
Miss,0:00:40.373667
Miss,0:00:40.540500
Miss,0:00:40.707333
Miss,0:00:40.874167
Miss,0:00:41.041000
Miss,0:00:41.207833
Miss,0:00:41.374667
Miss,0:00:41.541500
Miss,0:00:41.708333
Miss,0:00:41.875167
Miss,0:00:42.042000
Miss,0:00:42.208833
Miss,0:00:42.375667
Ardle,0:00:42.542500
Ardle,0:00:42.709333
Ardle,0:00:42.876167
Ardle,0:00:43.043000
Ardle,0:00:43.209833
Ardle,0:00:43.376667
Ardle,0:00:43.543500
Ardle,0:00:43.710333
Ardle,0:00:43.877167
Ardle,0:00:44.044000
Ardle,0:00:44.210833
Ardle,0:00:44.377667
Ardle,0:00:44.544500
Ardle,0:00:44.711333
Ardle,0:00:44.878167
Ardle,0:00:45.045000
Ardle,0:00:45.211833
Ardle,0:00:45.378667
Ardle,0:00:45.545500
Ardle,0:00:45.712333
Ardle,0:00:45.879167
Ardle,0:00:46.046000
Miss,0:00:46.546500
Miss,0:00:46.713333
Miss,0:00:46.880167
Miss,0:00:47.047000
Miss,0:00:47.213833
Miss,0:00:47.380667
Miss,0:00:47.547500
Miss,0:00:47.714333
Miss,0:00:47.881167
Miss,0:00:48.048000
Miss,0:00:48.214833
Miss,0:00:48.381667
Miss,0:00:48.548500
Miss,0:00:48.715333
Miss,0:00:49.215833
Miss,0:00:49.716333
Miss,0:00:49.883167
Miss,0:00:50.050000
Miss,0:00:50.216833
Miss,0:00:50.383667
Miss,0:00:50.550500
Miss,0:00:50.717333
Miss,0:00:50.884167
Miss,0:00:51.051000
Miss,0:00:51.217833
Miss,0:00:51.384667
Ardle,0:00:54.888167
Ardle,0:00:55.055000
Ardle,0:00:55.221833
Ardle,0:00:55.388667
Ardle,0:00:55.555500
Ardle,0:00:55.722333
Ardle,0:00:55.889167
Ardle,0:00:56.056000
Ardle,0:00:56.222833
Ardle,0:00:56.389667
Ardle,0:00:56.556500
Ardle,0:01:01.394667
Miss,0:01:24.751333
Miss,0:01:25.085000
Miss,0:01:25.418667
Miss,0:01:25.585500
Miss,0:01:29.923167
Miss,0:01:30.090000
Miss,0:01:30.256833
Miss,0:01:30.423667
Miss,0:01:30.590500
Miss,0:01:30.757333
Miss,0:01:30.924167
Miss,0:01:31.091000
Miss,0:01:31.591500
Miss,0:01:31.758333
Miss,0:01:32.092000
Miss,0:01:32.258833
Miss,0:01:32.592500
Miss,0:01:32.759333
Miss,0:01:32.926167
Miss,0:01:33.093000
Miss,0:01:33.259833
Miss,0:01:33.426667
Miss,0:01:33.593500
Miss,0:01:34.594500
Miss,0:01:34.928167
Ardle,0:01:35.095000
Ardle,0:01:35.261833
Ardle,0:01:35.428667
Ardle,0:01:35.595500
Ardle,0:01:35.762333
Ardle,0:01:35.929167
Ardle,0:01:36.096000
Ardle,0:01:36.262833
Miss,0:01:36.429667
Miss,0:01:36.596500
Miss,0:01:36.763333
Miss,0:01:36.930167
Miss,0:01:37.097000
Miss,0:01:37.263833
Miss,0:01:37.430667
Miss,0:01:37.597500
Miss,0:01:37.764333
Miss,0:01:37.931167
Miss,0:01:38.098000
Miss,0:01:38.264833
Miss,0:01:38.431667
Miss,0:01:38.598500
Miss,0:01:38.765333
Miss,0:01:41.935167
Miss,0:01:42.102000
Miss,0:01:42.268833
Miss,0:01:42.435667
Miss,0:01:42.602500
Miss,0:01:42.769333
Miss,0:01:42.936167
Miss,0:01:43.103000
Miss,0:01:43.269833
Miss,0:01:43.436667
Miss,0:01:43.603500
Miss,0:01:43.937167
Miss,0:01:44.938167
Miss,0:01:45.105000
Miss,0:01:45.271833
Miss,0:01:45.438667
Miss,0:01:45.772333
Ardle,0:01:49.275833
Ardle,0:01:49.442667
Ardle,0:01:49.609500
Ardle,0:01:49.776333
Ardle,0:01:49.943167
Ardle,0:01:50.110000
Ardle,0:01:50.276833
Ardle,0:01:50.443667
Ardle,0:01:50.610500
Ardle,0:01:50.777333
Ardle,0:01:50.944167
Ardle,0:01:51.111000
Ardle,0:01:51.277833
Ardle,0:01:51.444667
Ardle,0:01:51.611500
Ardle,0:01:51.778333
Ardle,0:01:51.945167
Ardle,0:01:52.112000
Ardle,0:01:52.278833
Ardle,0:01:52.445667
Ardle,0:01:52.612500
Ardle,0:01:52.779333
Ardle,0:01:52.946167
Ardle,0:01:53.113000
Ardle,0:01:53.279833
Ardle,0:01:53.446667
Miss,0:01:53.613500
Miss,0:01:53.780333
Miss,0:01:53.947167
Miss,0:01:54.114000
Miss,0:01:54.280833
Miss,0:01:54.447667
Miss,0:01:54.614500
Miss,0:01:54.781333
Miss,0:01:54.948167
Miss,0:01:55.115000
Miss,0:01:55.281833
Miss,0:01:55.448667
Miss,0:01:55.615500
Miss,0:01:55.782333
Miss,0:01:55.949167
Miss,0:01:58.952167
Miss,0:01:59.119000
Miss,0:01:59.285833
Miss,0:01:59.452667
Miss,0:01:59.619500
Miss,0:01:59.786333
Miss,0:01:59.953167
Miss,0:02:00.120000
Miss,0:02:00.286833
Miss,0:02:00.453667
Miss,0:02:00.620500
Miss,0:02:00.787333
Miss,0:02:00.954167
Miss,0:02:01.121000
Miss,0:02:01.287833
Miss,0:02:01.454667
Miss,0:02:01.621500
Miss,0:02:01.788333
Miss,0:02:01.955167
Miss,0:02:02.122000
Miss,0:02:02.288833
Miss,0:02:02.455667
Miss,0:02:02.622500
Miss,0:02:02.789333
Miss,0:02:02.956167
Miss,0:02:03.123000
Miss,0:02:03.289833
Miss,0:02:03.456667
Miss,0:02:03.623500
Ardle,0:02:04.958167
Ardle,0:02:05.125000
Ardle,0:02:05.291833
Ardle,0:02:05.458667
Ardle,0:02:05.625500
Ardle,0:02:05.792333
Ardle,0:02:05.959167
Ardle,0:02:06.126000
Ardle,0:02:06.292833
Ardle,0:02:06.459667
Ardle,0:02:06.626500
Ardle,0:02:06.793333
Ardle,0:02:06.960167
Ardle,0:02:07.127000
Ardle,0:02:07.293833
Ardle,0:02:07.460667
Ardle,0:02:07.627500
Ardle,0:02:07.794333
Ardle,0:02:08.461667
Ardle,0:02:16.803333
Ardle,0:02:16.970167
Ardle,0:02:17.137000
Ardle,0:02:17.470667
Ardle,0:02:17.637500
Ardle,0:02:17.804333
Ardle,0:02:18.304833
Ardle,0:02:18.471667
Ardle,0:02:18.638500
Ardle,0:02:18.805333
Ardle,0:02:19.139000
Ardle,0:02:19.305833
Ardle,0:02:19.472667
Ardle,0:02:19.639500
Ardle,0:02:19.806333
Ardle,0:02:19.973167
Ardle,0:02:20.140000
Ardle,0:02:20.306833
Ardle,0:02:20.473667
Ardle,0:02:20.640500
Ardle,0:02:20.807333
Ardle,0:02:21.141000
Mom,0:02:27.981167
Mom,0:02:28.148000
Mom,0:02:28.314833
Mom,0:02:28.481667
Ardle,0:02:28.648500
Ardle,0:02:28.815333
Ardle,0:02:28.982167
Ardle,0:02:29.149000
Ardle,0:02:29.315833
Ardle,0:02:29.482667
Ardle,0:02:29.649500
Dad,0:02:29.816333
Dad,0:02:29.983167
Dad,0:02:30.150000
Dad,0:02:30.316833
Dad,0:02:30.483667
Dad,0:02:30.650500
Dad,0:02:30.817333
Dad,0:02:30.984167
Dad,0:02:31.151000
Dad,0:02:31.317833
Dad,0:02:31.484667
Dad,0:02:31.651500
Dad,0:02:31.818333
Dad,0:02:31.985167
Dad,0:02:32.152000
Dad,0:02:32.318833
Dad,0:02:32.485667
Dad,0:02:32.652500
Dad,0:02:32.819333
Dad,0:02:32.986167
Dad,0:02:33.153000
Dad,0:02:33.319833
Dad,0:02:33.486667
Dad,0:02:33.653500
Dad,0:02:33.820333
Dad,0:02:33.987167
Dad,0:02:34.154000
Dad,0:02:34.320833
Dad,0:02:34.487667
Dad,0:02:34.654500
Dad,0:02:34.821333
Dad,0:02:34.988167
Dad,0:02:35.155000
Dad,0:02:35.321833
Ardle,0:02:35.488667
Ardle,0:02:35.655500
Ardle,0:02:35.822333
Ardle,0:02:35.989167
Ardle,0:02:36.156000
Ardle,0:02:36.322833
Ardle,0:02:36.489667
Ardle,0:02:36.656500
Ardle,0:02:36.823333
Ardle,0:02:36.990167
Ardle,0:02:37.157000
Dad,0:02:37.323833
Dad,0:02:37.490667
Dad,0:02:37.657500
Dad,0:02:37.824333
Dad,0:02:37.991167
Dad,0:02:38.158000
Dad,0:02:38.324833
Mom,0:02:38.491667
Mom,0:02:38.658500
Mom,0:02:38.825333
Mom,0:02:39.159000
Mom,0:02:39.492667
Mom,0:02:39.826333
Mom,0:02:39.993167
Mom,0:02:40.160000
Ardle,0:02:40.660500
Ardle,0:02:40.827333
Ardle,0:02:40.994167
Ardle,0:02:41.161000
Ardle,0:02:41.327833
Ardle,0:02:41.494667
Ardle,0:02:41.661500
Ardle,0:02:41.828333
Ardle,0:02:41.995167
Ardle,0:02:42.162000
Ardle,0:02:42.328833
Ardle,0:02:42.495667
Ardle,0:02:42.662500
Ardle,0:02:42.829333
Ardle,0:02:42.996167
Ardle,0:02:43.163000
Ardle,0:02:43.329833
Ardle,0:02:43.496667
Dad,0:02:43.663500
Dad,0:02:43.830333
Ardle,0:02:44.497667
Dad,0:02:44.664500
Dad,0:02:44.831333
Dad,0:02:44.998167
Dad,0:02:45.165000
Dad,0:02:45.331833
Dad,0:02:45.498667
Dad,0:02:45.665500
Dad,0:02:45.832333
Dad,0:02:45.999167
Dad,0:02:46.166000
Dad,0:02:46.332833
Dad,0:02:46.499667
Dad,0:02:46.666500
Dad,0:02:46.833333
Dad,0:02:47.000167
Dad,0:02:47.167000
Dad,0:02:47.333833
Dad,0:02:47.500667
Dad,0:02:47.667500
Dad,0:02:47.834333
Ardle,0:02:48.001167
Ardle,0:02:48.168000
Ardle,0:02:48.334833
Ardle,0:02:48.501667
Ardle,0:02:48.668500
Ardle,0:02:48.835333
Ardle,0:02:49.002167
Ardle,0:02:49.169000
Ardle,0:02:49.335833
Ardle,0:02:49.502667
Ardle,0:02:49.669500
Ardle,0:02:49.836333
Dad,0:02:52.338833
Dad,0:02:55.842333
Dad,0:02:56.009167
Dad,0:02:56.176000
Dad,0:02:56.342833
Dad,0:02:56.509667
Dad,0:02:56.676500
Dad,0:02:56.843333
Dad,0:02:57.010167
Dad,0:02:57.177000
Dad,0:02:57.343833
Dad,0:02:57.510667
Dad,0:02:57.677500
Ardle,0:03:00.180000
Ardle,0:03:00.346833
Ardle,0:03:00.513667
Ardle,0:03:00.680500
Ardle,0:03:00.847333
Ardle,0:03:01.014167
Ardle,0:03:01.181000
Ardle,0:03:01.347833
Ardle,0:03:01.514667
Ardle,0:03:01.681500
Dad,0:03:03.516667
Dad,0:03:03.683500
Dad,0:03:03.850333
Dad,0:03:08.521667
Mom,0:03:46.893333
Ardle,0:03:54.734500
Ardle,0:03:54.901333
Ardle,0:03:55.068167
Ardle,0:03:55.235000
Ardle,0:03:55.401833
Ardle,0:03:55.568667
Ardle,0:03:55.735500
Ardle,0:03:55.902333
Ardle,0:03:56.069167
Ardle,0:03:56.236000
Ardle,0:03:56.402833
Miss,0:03:56.569667
Miss,0:03:56.736500
Miss,0:03:56.903333
Miss,0:03:57.070167
Miss,0:03:57.237000
Miss,0:03:57.403833
Miss,0:04:00.073167
Miss,0:04:00.240000
Miss,0:04:00.406833
Miss,0:04:00.573667
Miss,0:04:00.740500
Miss,0:04:00.907333
Miss,0:04:01.074167
Miss,0:04:01.241000
Miss,0:04:01.407833
Ardle,0:04:05.411833
Ardle,0:04:05.578667
Ardle,0:04:05.745500
Ardle,0:04:05.912333
Ardle,0:04:06.079167
Ardle,0:04:06.246000
Ardle,0:04:06.412833
Ardle,0:04:06.579667
Ardle,0:04:06.746500
Ardle,0:04:06.913333
Ardle,0:04:07.080167
Ardle,0:04:07.247000
Ardle,0:04:07.413833
Ardle,0:04:07.580667
Ardle,0:04:07.747500
Ardle,0:04:07.914333
Ardle,0:04:08.081167
Ardle,0:04:08.248000
Ardle,0:04:08.414833
Ardle,0:04:11.584667
Mom,0:04:11.751500
Mom,0:04:11.918333
Mom,0:04:12.085167
Mom,0:04:12.252000
Boy_Friend,0:04:12.919333
Boy_Friend,0:04:13.086167
Boy_Friend,0:04:13.419833
Miss,0:04:13.586667
Boy_Friend,0:04:13.586667
Boy_Friend,0:04:13.753500
Boy_Friend,0:04:13.920333
Boy_Friend,0:04:14.087167
Boy_Friend,0:04:14.254000
Boy_Friend,0:04:14.754500
Boy_Friend,0:04:14.921333
Ardle,0:04:15.088167
Ardle,0:04:15.255000
Ardle,0:04:15.421833
Ardle,0:04:15.588667
Ardle,0:04:15.755500
Ardle,0:04:15.922333
Ardle,0:04:16.089167
Ardle,0:04:16.256000
Ardle,0:04:16.422833
Ardle,0:04:16.589667
Ardle,0:04:16.756500
Ardle,0:04:16.923333
Ardle,0:04:17.090167
Ardle,0:04:17.257000
Ardle,0:04:17.423833
Ardle,0:04:17.590667
Ardle,0:04:17.757500
Ardle,0:04:17.924333
Ardle,0:04:18.091167
Ardle,0:04:18.258000
Ardle,0:04:18.424833
Ardle,0:04:18.591667
Ardle,0:04:18.758500
Ardle,0:04:18.925333
Ardle,0:04:19.092167
Ardle,0:04:19.259000
Ardle,0:04:19.425833
Ardle,0:04:19.592667
Ardle,0:04:19.759500
Ardle,0:04:19.926333
Ardle,0:04:20.093167
Ardle,0:04:20.260000
Miss,0:04:20.426833
Miss,0:04:20.593667
Boy_Friend,0:04:20.760500
Miss,0:04:20.760500
Boy_Friend,0:04:20.927333
Miss,0:04:20.927333
Miss,0:04:21.094167
Boy_Friend,0:04:21.261000
Miss,0:04:21.261000
Boy_Friend,0:04:21.427833
Miss,0:04:21.427833
Boy_Friend,0:04:21.594667
Miss,0:04:21.594667
Boy_Friend,0:04:21.761500
Miss,0:04:21.761500
Boy_Friend,0:04:21.928333
Miss,0:04:21.928333
Boy_Friend,0:04:22.095167
Miss,0:04:22.095167
Boy_Friend,0:04:22.262000
Miss,0:04:22.262000
Boy_Friend,0:04:22.428833
Miss,0:04:22.428833
Boy_Friend,0:04:22.595667
Miss,0:04:22.595667
Boy_Friend,0:04:22.762500
Miss,0:04:22.762500
Boy_Friend,0:04:22.929333
Miss,0:04:22.929333
Boy_Friend,0:04:23.096167
Miss,0:04:23.096167
Boy_Friend,0:04:23.263000
Miss,0:04:23.263000
Boy_Friend,0:04:23.429833
Miss,0:04:23.429833
Miss,0:04:23.596667
Boy_Friend,0:04:23.596667
Boy_Friend,0:04:23.763500
Miss,0:04:23.763500
Miss,0:04:23.930333
Boy_Friend,0:04:23.930333
Miss,0:04:24.097167
Boy_Friend,0:04:24.097167
Miss,0:04:24.264000
Boy_Friend,0:04:24.264000
Miss,0:04:24.430833
Boy_Friend,0:04:24.430833
Miss,0:04:24.597667
Boy_Friend,0:04:24.597667
Boy_Friend,0:04:24.764500
Miss,0:04:24.764500
Boy_Friend,0:04:24.931333
Miss,0:04:24.931333
Boy_Friend,0:04:25.098167
Miss,0:04:25.098167
Boy_Friend,0:04:25.265000
Miss,0:04:25.265000
Boy_Friend,0:04:25.431833
Miss,0:04:25.431833
Boy_Friend,0:04:25.598667
Miss,0:04:25.598667
Boy_Friend,0:04:25.765500
Miss,0:04:25.765500
Boy_Friend,0:04:25.932333
Miss,0:04:25.932333
Boy_Friend,0:04:26.099167
Miss,0:04:26.099167
Boy_Friend,0:04:26.266000
Miss,0:04:26.266000
Boy_Friend,0:04:26.432833
Miss,0:04:26.432833
Boy_Friend,0:04:26.599667
Miss,0:04:26.599667
Miss,0:04:26.766500
Boy_Friend,0:04:26.933333
Miss,0:04:26.933333
Boy_Friend,0:04:27.100167
Miss,0:04:27.100167
Miss,0:04:27.267000
Miss,0:04:27.433833
Miss,0:04:27.600667
Miss,0:04:27.767500
Boy_Friend,0:04:27.934333
Miss,0:04:27.934333
Miss,0:04:28.101167
Miss,0:04:28.268000
Miss,0:04:28.434833
Miss,0:04:28.601667
Boy_Friend,0:04:28.601667
Boy_Friend,0:04:28.768500
Miss,0:04:28.768500
Miss,0:04:28.935333
Boy_Friend,0:04:29.602667
Boy_Friend,0:04:30.270000
Ardle,0:04:31.437833
Ardle,0:04:31.604667
Ardle,0:04:31.771500
Ardle,0:04:31.938333
Ardle,0:04:32.105167
Ardle,0:04:32.272000
Ardle,0:04:32.438833
Ardle,0:04:32.605667
Ardle,0:04:32.772500
Ardle,0:04:32.939333
Ardle,0:04:33.106167
Ardle,0:04:33.273000
Ardle,0:04:33.439833
Ardle,0:04:33.606667
Ardle,0:04:33.773500
Ardle,0:04:33.940333
Ardle,0:04:34.107167
Ardle,0:04:34.274000
Ardle,0:05:18.484833
Ardle,0:05:21.821500
Ardle,0:05:21.988333
Ardle,0:05:23.156167
Miss,0:05:23.156167
Ardle,0:05:23.323000
Miss,0:05:23.323000
Ardle,0:05:23.489833
Miss,0:05:23.489833
Ardle,0:05:23.656667
Miss,0:05:23.656667
Ardle,0:05:23.823500
Miss,0:05:23.823500
Ardle,0:05:23.990333
Miss,0:05:23.990333
Miss,0:05:24.157167
Miss,0:05:24.490833
Miss,0:05:24.657667
Miss,0:05:24.824500
Ardle,0:05:25.325000
Ardle,0:05:26.993333
Ardle,0:05:27.160167
Ardle,0:05:27.327000
Ardle,0:05:27.493833
Ardle,0:05:27.660667
Ardle,0:05:27.827500
Ardle,0:05:27.994333
Ardle,0:05:28.161167
Ardle,0:05:28.328000
Ardle,0:05:30.663667
Ardle,0:05:30.830500
Ardle,0:05:30.997333
Ardle,0:05:31.164167
Ardle,0:05:31.331000
Ardle,0:05:31.497833
Ardle,0:05:31.664667
Ardle,0:05:31.831500
Ardle,0:05:31.998333
Ardle,0:05:32.165167
Ardle,0:05:32.332000
Ardle,0:05:32.498833
Ardle,0:05:32.665667
Ardle,0:05:32.832500
Miss,0:05:32.999333
Miss,0:05:33.166167
Miss,0:05:33.333000
Miss,0:05:33.499833
Miss,0:05:33.666667
Miss,0:05:33.833500
Miss,0:05:34.000333
Miss,0:05:34.167167
Miss,0:05:34.334000
Miss,0:05:34.500833
Miss,0:05:34.667667
Miss,0:05:34.834500
Miss,0:05:35.001333
Miss,0:05:35.168167
Miss,0:05:35.335000
Miss,0:05:35.501833
Miss,0:05:35.668667
Miss,0:05:35.835500
Miss,0:05:36.002333
Miss,0:05:36.169167
Miss,0:05:42.675667
Miss,0:05:42.842500
Miss,0:05:43.009333
Miss,0:05:43.176167
Miss,0:05:43.676667
Miss,0:05:43.843500
Miss,0:05:44.010333
Miss,0:05:44.177167
Miss,0:05:44.344000
Miss,0:05:44.510833
Miss,0:05:44.677667
Miss,0:05:44.844500
Miss,0:05:45.011333
Miss,0:05:45.178167
Miss,0:05:45.345000
Miss,0:05:45.511833
Miss,0:05:45.678667
Miss,0:05:45.845500
Miss,0:05:46.012333
Ardle,0:05:46.179167
Ardle,0:05:46.346000
Ardle,0:05:46.512833
Ardle,0:05:46.679667
Ardle,0:05:46.846500
Ardle,0:05:47.013333
Ardle,0:05:47.180167
Ardle,0:05:47.347000
Ardle,0:05:47.513833
Ardle,0:05:47.680667
Ardle,0:05:47.847500
Ardle,0:05:48.014333
Miss,0:05:48.181167
Miss,0:05:48.348000
Miss,0:05:48.514833
Miss,0:05:48.681667
Miss,0:05:48.848500
Miss,0:05:49.015333
Miss,0:05:49.182167
Miss,0:05:49.349000
Miss,0:05:49.515833
Miss,0:05:49.682667
Miss,0:05:49.849500
Miss,0:05:50.016333
Miss,0:05:50.183167
Miss,0:05:50.350000
Miss,0:05:50.516833
Ardle,0:05:50.683667
Ardle,0:05:50.850500
Ardle,0:05:51.017333
Ardle,0:05:51.184167
Ardle,0:05:51.351000
Ardle,0:05:51.517833
Ardle,0:05:51.684667
Ardle,0:05:51.851500
Ardle,0:05:52.018333
Ardle,0:05:52.185167
Ardle,0:05:52.352000
Ardle,0:05:52.518833
Ardle,0:05:52.685667
Ardle,0:05:52.852500
Ardle,0:05:53.019333
Ardle,0:05:53.186167
Ardle,0:05:53.353000
Miss,0:05:53.686667
Miss,0:05:54.187167
Miss,0:05:54.354000
Miss,0:05:54.520833
Miss,0:05:54.687667
Miss,0:05:54.854500
Miss,0:05:55.021333
Miss,0:05:55.188167
Miss,0:05:55.355000
Miss,0:05:55.521833
Miss,0:05:55.688667
Ardle,0:06:09.535833
Ardle,0:06:09.702667
Ardle,0:06:09.869500
Ardle,0:06:10.036333
Ardle,0:06:10.203167
Ardle,0:06:10.370000
Ardle,0:06:10.536833
Ardle,0:06:10.703667
Ardle,0:06:10.870500
Ardle,0:06:11.037333
Ardle,0:06:11.204167
Ardle,0:06:13.373000
Ardle,0:06:13.539833
Ardle,0:06:13.706667
Ardle,0:06:13.873500
Ardle,0:06:14.040333
Ardle,0:06:14.207167
Ardle,0:06:14.374000
Ardle,0:06:14.540833
Ardle,0:06:14.707667
Ardle,0:06:14.874500
Ardle,0:06:15.041333
Ardle,0:06:15.208167
Ardle,0:06:15.375000
Miss,0:06:17.210167
Miss,0:06:17.377000
Miss,0:06:17.543833
Miss,0:06:17.710667
Miss,0:06:17.877500
Miss,0:06:18.044333
Miss,0:06:18.211167
Miss,0:06:18.378000
Miss,0:06:18.544833
Miss,0:06:18.711667
Miss,0:06:18.878500
Miss,0:06:19.045333
Miss,0:06:19.212167
Miss,0:06:19.379000
Miss,0:06:19.545833
Miss,0:06:19.712667
Miss,0:06:19.879500
Miss,0:06:20.046333
Miss,0:06:20.213167
Miss,0:06:20.380000
Miss,0:06:20.546833
Boy_Friend,0:06:24.717667
Boy_Friend,0:06:24.884500
Boy_Friend,0:06:25.051333
Boy_Friend,0:06:25.218167
Boy_Friend,0:06:25.385000
Boy_Friend,0:06:25.551833
Boy_Friend,0:06:25.718667
Boy_Friend,0:06:25.885500
Boy_Friend,0:06:26.052333
Boy_Friend,0:06:26.219167
Boy_Friend,0:06:26.386000
Boy_Friend,0:06:26.552833
Boy_Friend,0:06:26.719667
Boy_Friend,0:06:26.886500
Boy_Friend,0:06:27.053333
Boy_Friend,0:06:27.220167
Boy_Friend,0:06:27.387000
Boy_Friend,0:06:27.553833
Boy_Friend,0:06:27.720667
Boy_Friend,0:06:27.887500
Boy_Friend,0:06:28.054333
Boy_Friend,0:06:28.221167
Boy_Friend,0:06:28.388000
Boy_Friend,0:06:28.554833
Boy_Friend,0:06:28.721667
Boy_Friend,0:06:28.888500
Boy_Friend,0:06:29.055333
Boy_Friend,0:06:29.222167
Boy_Friend,0:06:29.389000
Boy_Friend,0:06:29.555833
Boy_Friend,0:06:29.722667
Boy_Friend,0:06:29.889500
Boy_Friend,0:06:30.056333
Boy_Friend,0:06:30.223167
Boy_Friend,0:06:30.390000
Boy_Friend,0:06:30.556833
Boy_Friend,0:06:30.723667
Boy_Friend,0:06:30.890500
Boy_Friend,0:06:31.057333
Boy_Friend,0:06:31.224167
Boy_Friend,0:06:31.391000
Boy_Friend,0:06:31.557833
Boy_Friend,0:06:31.724667
Boy_Friend,0:06:31.891500
Boy_Friend,0:06:32.058333
Boy_Friend,0:06:32.225167
Boy_Friend,0:06:32.392000
Boy_Friend,0:06:32.558833
Boy_Friend,0:06:32.725667
Boy_Friend,0:06:32.892500
Boy_Friend,0:06:33.059333
Boy_Friend,0:06:33.226167
Boy_Friend,0:06:33.393000
Boy_Friend,0:06:33.559833
Boy_Friend,0:06:33.726667
Boy_Friend,0:06:33.893500
Boy_Friend,0:06:34.060333
Boy_Friend,0:06:34.227167
Boy_Friend,0:06:34.394000
Ardle,0:06:34.560833
Ardle,0:06:34.727667
Ardle,0:06:34.894500
Ardle,0:06:35.061333
Ardle,0:06:35.228167
Ardle,0:06:35.395000
Ardle,0:06:35.561833
Ardle,0:06:35.728667
Ardle,0:06:35.895500
Ardle,0:06:36.062333
Ardle,0:06:39.232167
Ardle,0:06:39.399000
Ardle,0:06:39.565833
Ardle,0:06:39.732667
Ardle,0:06:39.899500
Ardle,0:06:40.066333
Ardle,0:06:40.233167
Ardle,0:06:40.400000
Ardle,0:06:40.566833
Ardle,0:06:40.733667
Ardle,0:06:40.900500
Ardle,0:06:41.067333
Ardle,0:06:41.234167
Ardle,0:06:41.401000
Ardle,0:06:41.567833
Ardle,0:06:41.734667
Ardle,0:06:41.901500
Ardle,0:06:42.068333
Ardle,0:06:42.235167
Ardle,0:06:42.402000
Ardle,0:06:42.568833
Ardle,0:06:42.735667
Ardle,0:06:42.902500
Ardle,0:06:43.069333
Boy_Friend,0:06:43.236167
Boy_Friend,0:06:43.403000
Boy_Friend,0:06:43.569833
Boy_Friend,0:06:43.736667
Boy_Friend,0:06:43.903500
Boy_Friend,0:06:44.070333
Boy_Friend,0:06:44.237167
Boy_Friend,0:06:44.404000
Boy_Friend,0:06:44.570833
Boy_Friend,0:06:44.737667
Boy_Friend,0:06:44.904500
Boy_Friend,0:06:45.071333
Boy_Friend,0:06:45.238167
Boy_Friend,0:06:45.405000
Boy_Friend,0:06:45.571833
Boy_Friend,0:06:45.738667
Boy_Friend,0:06:45.905500
Ardle,0:06:46.072333
Ardle,0:06:46.239167
Ardle,0:06:46.406000
Ardle,0:06:46.572833
Ardle,0:06:46.739667
Ardle,0:06:46.906500
Ardle,0:06:47.073333
Ardle,0:06:47.240167
Ardle,0:06:47.407000
Ardle,0:06:47.573833
Ardle,0:06:47.740667
Ardle,0:06:47.907500
Ardle,0:06:48.074333
Ardle,0:06:48.241167
Boy_Friend,0:06:48.408000
Boy_Friend,0:06:48.574833
Boy_Friend,0:06:48.741667
Boy_Friend,0:06:48.908500
Boy_Friend,0:06:49.075333
Boy_Friend,0:06:49.242167
Boy_Friend,0:06:49.409000
Boy_Friend,0:06:49.575833
Boy_Friend,0:06:49.742667
Boy_Friend,0:06:49.909500
Boy_Friend,0:06:50.076333
Boy_Friend,0:06:50.243167
Boy_Friend,0:06:50.410000
Boy_Friend,0:06:50.576833
Boy_Friend,0:06:50.743667
Boy_Friend,0:06:50.910500
Boy_Friend,0:06:51.077333
Boy_Friend,0:06:51.244167
Boy_Friend,0:06:51.411000
Boy_Friend,0:06:51.577833
Boy_Friend,0:06:51.744667
Boy_Friend,0:06:51.911500
Boy_Friend,0:06:52.078333
Boy_Friend,0:06:52.245167
Boy_Friend,0:06:52.412000
Boy_Friend,0:06:52.578833
Boy_Friend,0:06:52.745667
Boy_Friend,0:06:52.912500
Boy_Friend,0:06:53.079333
Boy_Friend,0:06:53.246167
Boy_Friend,0:06:53.413000
Boy_Friend,0:06:53.579833
Boy_Friend,0:06:53.746667
Boy_Friend,0:06:53.913500
Boy_Friend,0:06:54.080333
Boy_Friend,0:06:54.247167
Boy_Friend,0:06:54.414000
Boy_Friend,0:06:54.580833
Ardle,0:06:54.747667
Ardle,0:06:54.914500
Ardle,0:06:55.081333
Ardle,0:06:55.248167
Ardle,0:06:55.415000
Ardle,0:06:55.581833
Ardle,0:06:55.748667
Ardle,0:06:55.915500
Ardle,0:06:56.082333
Boy_Friend,0:06:56.249167
Boy_Friend,0:06:56.416000
Boy_Friend,0:06:56.582833
Boy_Friend,0:06:56.749667
Boy_Friend,0:06:56.916500
Boy_Friend,0:06:57.083333
Boy_Friend,0:06:57.250167
Boy_Friend,0:06:57.417000
Boy_Friend,0:06:57.583833
Boy_Friend,0:06:57.750667
Boy_Friend,0:06:57.917500
Boy_Friend,0:06:58.084333
Boy_Friend,0:06:58.251167
Boy_Friend,0:06:58.418000
Boy_Friend,0:06:58.584833
Boy_Friend,0:06:58.751667
Boy_Friend,0:06:58.918500
Boy_Friend,0:06:59.085333
Boy_Friend,0:06:59.252167
Boy_Friend,0:06:59.419000
Boy_Friend,0:06:59.585833
Ardle,0:06:59.752667
Ardle,0:06:59.919500
Ardle,0:07:00.086333
Ardle,0:07:00.253167
Ardle,0:07:00.420000
Ardle,0:07:00.586833
Boy_Friend,0:07:00.753667
Boy_Friend,0:07:00.920500
Boy_Friend,0:07:01.087333
Boy_Friend,0:07:01.254167
Boy_Friend,0:07:01.421000
Boy_Friend,0:07:01.587833
Boy_Friend,0:07:01.754667
Boy_Friend,0:07:01.921500
Boy_Friend,0:07:02.088333
Boy_Friend,0:07:02.255167
Boy_Friend,0:07:02.422000
Boy_Friend,0:07:02.588833
Boy_Friend,0:07:02.755667
Boy_Friend,0:07:02.922500
Boy_Friend,0:07:03.089333
Boy_Friend,0:07:03.256167
Boy_Friend,0:07:03.423000
Boy_Friend,0:07:03.589833
Boy_Friend,0:07:03.756667
Boy_Friend,0:07:03.923500
Boy_Friend,0:07:04.090333
Boy_Friend,0:07:04.257167
Boy_Friend,0:07:04.424000
Boy_Friend,0:07:04.590833
Boy_Friend,0:07:04.757667
Boy_Friend,0:07:04.924500
Boy_Friend,0:07:05.091333
Boy_Friend,0:07:05.258167
Boy_Friend,0:07:05.425000
Boy_Friend,0:07:05.591833
Boy_Friend,0:07:05.758667
Boy_Friend,0:07:05.925500
Boy_Friend,0:07:06.092333
Boy_Friend,0:07:06.259167
Boy_Friend,0:07:06.426000
Boy_Friend,0:07:06.592833
Boy_Friend,0:07:06.759667
Boy_Friend,0:07:06.926500
Boy_Friend,0:07:07.093333
Boy_Friend,0:07:07.260167
Boy_Friend,0:07:07.427000
Boy_Friend,0:07:07.593833
Boy_Friend,0:07:07.760667
Boy_Friend,0:07:07.927500
Boy_Friend,0:07:08.094333
Boy_Friend,0:07:08.261167
Boy_Friend,0:07:08.428000
Boy_Friend,0:07:08.594833
Boy_Friend,0:07:08.761667
Boy_Friend,0:07:08.928500
Boy_Friend,0:07:09.095333
Boy_Friend,0:07:09.762667
Boy_Friend,0:07:09.929500
Boy_Friend,0:07:10.096333
Boy_Friend,0:07:10.263167
Boy_Friend,0:07:10.430000
Boy_Friend,0:07:10.596833
Boy_Friend,0:07:10.763667
Boy_Friend,0:07:10.930500
Boy_Friend,0:07:11.097333
Boy_Friend,0:07:11.264167
Boy_Friend,0:07:11.431000
Boy_Friend,0:07:11.597833
Boy_Friend,0:07:11.764667
Boy_Friend,0:07:11.931500
Boy_Friend,0:07:12.098333
Boy_Friend,0:07:12.265167
Boy_Friend,0:07:12.432000
Boy_Friend,0:07:12.598833
Boy_Friend,0:07:12.765667
Boy_Friend,0:07:12.932500
Boy_Friend,0:07:13.099333
Boy_Friend,0:07:13.266167
Boy_Friend,0:07:13.433000
Boy_Friend,0:07:13.599833
Boy_Friend,0:07:13.766667
Boy_Friend,0:07:13.933500
Boy_Friend,0:07:14.100333
Boy_Friend,0:07:14.267167
Boy_Friend,0:07:14.434000
Boy_Friend,0:07:14.600833
Boy_Friend,0:07:14.767667
Boy_Friend,0:07:14.934500
Boy_Friend,0:07:15.101333
Ardle,0:07:15.268167
Ardle,0:07:15.435000
Ardle,0:07:15.601833
Ardle,0:07:15.768667
Ardle,0:07:15.935500
Ardle,0:07:16.102333
Ardle,0:07:16.269167
Ardle,0:07:16.436000
Ardle,0:07:16.602833
Ardle,0:07:16.769667
Ardle,0:07:16.936500
Ardle,0:07:17.103333
Ardle,0:07:17.270167
Ardle,0:07:17.437000
Ardle,0:07:17.603833
Ardle,0:07:17.770667
Ardle,0:07:17.937500
Boy_Friend,0:07:18.104333
Boy_Friend,0:07:18.271167
Boy_Friend,0:07:18.438000
Boy_Friend,0:07:18.604833
Boy_Friend,0:07:18.771667
Boy_Friend,0:07:18.938500
Boy_Friend,0:07:19.105333
Boy_Friend,0:07:19.272167
Boy_Friend,0:07:19.439000
Boy_Friend,0:07:19.605833
Boy_Friend,0:07:19.772667
Boy_Friend,0:07:19.939500
Boy_Friend,0:07:20.106333
Boy_Friend,0:07:20.273167
Boy_Friend,0:07:20.440000
Boy_Friend,0:07:20.606833
Boy_Friend,0:07:20.773667
Boy_Friend,0:07:20.940500
Boy_Friend,0:07:21.107333
Boy_Friend,0:07:21.274167
Boy_Friend,0:07:21.441000
Boy_Friend,0:07:21.607833
Boy_Friend,0:07:21.774667
Boy_Friend,0:07:21.941500
Boy_Friend,0:07:22.108333
Boy_Friend,0:07:22.275167
Boy_Friend,0:07:22.442000
Boy_Friend,0:07:22.608833
Boy_Friend,0:07:22.775667
Boy_Friend,0:07:22.942500
Boy_Friend,0:07:23.109333
Boy_Friend,0:07:23.276167
Boy_Friend,0:07:23.443000
Boy_Friend,0:07:23.609833
Boy_Friend,0:07:23.776667
Boy_Friend,0:07:23.943500
Boy_Friend,0:07:24.110333
Boy_Friend,0:07:24.277167
Boy_Friend,0:07:24.444000
Boy_Friend,0:07:24.610833
Boy_Friend,0:07:24.777667
Boy_Friend,0:07:24.944500
Ardle,0:07:25.111333
Ardle,0:07:25.278167
Ardle,0:07:25.445000
Ardle,0:07:25.611833
Ardle,0:07:25.778667
Ardle,0:07:25.945500
Boy_Friend,0:07:26.112333
Boy_Friend,0:07:26.279167
Boy_Friend,0:07:26.446000
Boy_Friend,0:07:26.612833
Boy_Friend,0:07:26.779667
Boy_Friend,0:07:26.946500
Boy_Friend,0:07:27.113333
Boy_Friend,0:07:27.280167
Boy_Friend,0:07:27.447000
Boy_Friend,0:07:27.613833
Boy_Friend,0:07:27.780667
Boy_Friend,0:07:27.947500
Boy_Friend,0:07:28.114333
Boy_Friend,0:07:28.281167
Boy_Friend,0:07:28.448000
Boy_Friend,0:07:28.614833
Boy_Friend,0:07:28.781667
Boy_Friend,0:07:28.948500
Boy_Friend,0:07:29.115333
Boy_Friend,0:07:29.282167
Boy_Friend,0:07:29.449000
Boy_Friend,0:07:29.615833
Boy_Friend,0:07:29.782667
Boy_Friend,0:07:29.949500
Boy_Friend,0:07:30.116333
Boy_Friend,0:07:30.283167
Boy_Friend,0:07:30.450000
Boy_Friend,0:07:30.616833
Boy_Friend,0:07:30.783667
Boy_Friend,0:07:30.950500
Boy_Friend,0:07:31.117333
Boy_Friend,0:07:31.284167
Boy_Friend,0:07:31.451000
Boy_Friend,0:07:31.617833
Boy_Friend,0:07:31.784667
Boy_Friend,0:07:31.951500
Boy_Friend,0:07:32.118333
Boy_Friend,0:07:32.285167
Boy_Friend,0:07:32.452000
Boy_Friend,0:07:32.618833
Boy_Friend,0:07:32.785667
Boy_Friend,0:07:32.952500
Boy_Friend,0:07:33.119333
Boy_Friend,0:07:33.286167
Boy_Friend,0:07:33.453000
Boy_Friend,0:07:33.619833
Boy_Friend,0:07:33.786667
Boy_Friend,0:07:34.120333
Boy_Friend,0:07:34.454000
Ardle,0:07:35.121333
Ardle,0:07:35.288167
Ardle,0:07:35.455000
Ardle,0:07:35.621833
Ardle,0:07:35.788667
Ardle,0:07:35.955500
Boy_Friend,0:07:36.122333
Boy_Friend,0:07:36.456000
Boy_Friend,0:07:36.622833
Boy_Friend,0:07:36.789667
Boy_Friend,0:07:36.956500
Boy_Friend,0:07:37.123333
Boy_Friend,0:07:37.290167
Boy_Friend,0:07:37.457000
Boy_Friend,0:07:37.623833
Boy_Friend,0:07:37.790667
Boy_Friend,0:07:37.957500
Boy_Friend,0:07:38.124333
Boy_Friend,0:07:38.291167
Boy_Friend,0:07:38.458000
Boy_Friend,0:07:38.624833
Boy_Friend,0:07:38.791667
Boy_Friend,0:07:38.958500
Boy_Friend,0:07:39.125333
Boy_Friend,0:07:39.292167
Boy_Friend,0:07:39.459000
Boy_Friend,0:07:39.625833
Boy_Friend,0:07:39.792667
Boy_Friend,0:07:39.959500
Boy_Friend,0:07:40.126333
Boy_Friend,0:07:40.293167
Boy_Friend,0:07:40.460000
Boy_Friend,0:07:40.626833
Boy_Friend,0:07:40.793667
Boy_Friend,0:07:40.960500
Boy_Friend,0:07:41.127333
Boy_Friend,0:07:41.294167
Boy_Friend,0:07:41.461000
Boy_Friend,0:07:41.627833
Boy_Friend,0:07:41.794667
Boy_Friend,0:07:41.961500
Boy_Friend,0:07:42.128333
Boy_Friend,0:07:42.295167
Boy_Friend,0:07:42.462000
Boy_Friend,0:07:42.628833
Boy_Friend,0:07:42.795667
Boy_Friend,0:07:42.962500
Boy_Friend,0:07:43.129333
Boy_Friend,0:07:43.296167
Boy_Friend,0:07:43.463000
Boy_Friend,0:07:43.629833
Boy_Friend,0:07:43.796667
Boy_Friend,0:07:43.963500
Boy_Friend,0:07:44.130333
Boy_Friend,0:07:44.297167
Boy_Friend,0:07:44.464000
Ardle,0:07:44.630833
Ardle,0:07:44.797667
Ardle,0:07:44.964500
Ardle,0:07:45.131333
Ardle,0:07:45.298167
Ardle,0:07:45.465000
Ardle,0:07:45.631833
Ardle,0:07:45.798667
Boy_Friend,0:07:45.965500
Boy_Friend,0:07:46.132333
Boy_Friend,0:07:46.299167
Boy_Friend,0:07:46.466000
Boy_Friend,0:07:46.632833
Boy_Friend,0:07:46.799667
Boy_Friend,0:07:46.966500
Boy_Friend,0:07:47.133333
Boy_Friend,0:07:47.300167
Boy_Friend,0:07:47.467000
Boy_Friend,0:07:47.633833
Boy_Friend,0:07:47.800667
Ardle,0:07:47.967500
Ardle,0:07:48.134333
Ardle,0:07:48.301167
Ardle,0:07:48.468000
Ardle,0:07:48.634833
Ardle,0:07:48.801667
Ardle,0:07:48.968500
Ardle,0:07:49.135333
Ardle,0:07:49.302167
Ardle,0:07:49.469000
Ardle,0:07:49.635833
Ardle,0:07:49.802667
Ardle,0:07:49.969500
Ardle,0:07:50.136333
Ardle,0:07:50.303167
Ardle,0:07:50.470000
Ardle,0:07:50.636833
Ardle,0:07:50.803667
Ardle,0:07:50.970500
Boy_Friend,0:07:51.637833
Boy_Friend,0:07:51.804667
Boy_Friend,0:07:51.971500
Boy_Friend,0:07:52.138333
Boy_Friend,0:07:52.305167
Boy_Friend,0:07:52.472000
Boy_Friend,0:07:52.638833
Boy_Friend,0:07:52.805667
Boy_Friend,0:07:52.972500
Boy_Friend,0:07:53.139333
Boy_Friend,0:07:53.306167
Boy_Friend,0:07:53.473000
Boy_Friend,0:07:53.639833
Boy_Friend,0:07:53.806667
Boy_Friend,0:07:53.973500
Boy_Friend,0:07:54.140333
Boy_Friend,0:07:54.307167
Boy_Friend,0:07:54.474000
Boy_Friend,0:07:54.640833
Boy_Friend,0:07:54.807667
Boy_Friend,0:07:54.974500
Boy_Friend,0:07:55.141333
Boy_Friend,0:07:55.308167
Boy_Friend,0:07:55.475000
Boy_Friend,0:07:55.641833
Boy_Friend,0:07:55.808667
Boy_Friend,0:07:55.975500
Boy_Friend,0:07:56.142333
Boy_Friend,0:07:56.309167
Boy_Friend,0:07:56.476000
Boy_Friend,0:07:56.642833
Boy_Friend,0:07:56.809667
Boy_Friend,0:07:56.976500
Boy_Friend,0:07:57.143333
Boy_Friend,0:07:57.310167
Boy_Friend,0:07:57.477000
Boy_Friend,0:08:00.480000
Miss,0:08:00.480000
Boy_Friend,0:08:00.646833
Miss,0:08:00.646833
Miss,0:08:01.981500
Miss,0:08:02.148333
Boy_Friend,0:08:03.316167
Boy_Friend,0:08:03.483000
Boy_Friend,0:08:03.816667
Miss,0:08:03.816667
Boy_Friend,0:08:03.983500
Boy_Friend,0:08:04.150333
Boy_Friend,0:08:04.484000
Boy_Friend,0:08:04.650833
Boy_Friend,0:08:04.817667
Miss,0:08:04.817667
Boy_Friend,0:08:04.984500
Miss,0:08:04.984500
Boy_Friend,0:08:05.151333
Miss,0:08:05.151333
Miss,0:08:05.318167
Boy_Friend,0:08:05.318167
Boy_Friend,0:08:05.485000
Miss,0:08:05.485000
Miss,0:08:05.818667
Ardle,0:08:10.490000
Ardle,0:08:11.491000
Ardle,0:08:11.824667
Ardle,0:08:11.991500
Ardle,0:08:12.158333
Ardle,0:08:12.325167
Ardle,0:08:12.492000
Ardle,0:08:12.825667
Ardle,0:08:12.992500
Ardle,0:08:13.159333
Ardle,0:08:13.326167
Ardle,0:08:13.493000
Ardle,0:08:13.659833
Ardle,0:08:13.826667
Ardle,0:08:22.168333
Ardle,0:08:22.335167
Ardle,0:08:22.502000
Ardle,0:08:22.668833
Ardle,0:08:22.835667
Ardle,0:08:23.002500
Ardle,0:08:23.169333
Ardle,0:08:23.336167
Ardle,0:08:23.503000
Ardle,0:08:23.669833
Ardle,0:08:23.836667
Ardle,0:08:24.003500
Ardle,0:08:24.170333
Ardle,0:08:24.337167
Ardle,0:08:24.504000
Ardle,0:08:24.670833
Boy_Friend,0:08:28.841667
Boy_Friend,0:08:29.342167
Boy_Friend,0:08:29.509000
Boy_Friend,0:08:29.675833
Boy_Friend,0:08:29.842667
Miss,0:08:35.515000
Boy_Friend,0:08:40.520000
Boy_Friend,0:08:40.686833
Boy_Friend,0:08:40.853667
Boy_Friend,0:08:41.020500
Boy_Friend,0:08:41.187333
Boy_Friend,0:08:41.354167
Boy_Friend,0:08:41.521000
Boy_Friend,0:08:41.687833
Boy_Friend,0:08:41.854667
Boy_Friend,0:08:42.021500
Miss,0:08:42.188333
Boy_Friend,0:08:47.193333
Boy_Friend,0:08:48.194333
Boy_Friend,0:08:48.694833
Boy_Friend,0:08:48.861667
Boy_Friend,0:08:49.028500
Boy_Friend,0:08:50.363167
Miss,0:08:52.031500
Miss,0:08:52.198333
Miss,0:08:52.365167
Miss,0:08:52.532000
Miss,0:08:52.698833
Miss,0:08:52.865667
Miss,0:08:53.032500
Miss,0:08:53.199333
Miss,0:08:53.366167
Miss,0:08:53.533000
Miss,0:08:53.699833
Miss,0:08:53.866667
Miss,0:08:54.033500
Miss,0:08:54.200333
Miss,0:08:54.367167
Miss,0:08:54.534000
Miss,0:08:54.700833
Miss,0:08:54.867667
Miss,0:08:55.034500
Miss,0:08:55.201333
Miss,0:08:55.368167
Boy_Friend,0:09:10.550000
Boy_Friend,0:09:10.716833
Boy_Friend,0:09:10.883667
Boy_Friend,0:09:11.884667
Boy_Friend,0:09:12.051500
Boy_Friend,0:09:12.218333
Boy_Friend,0:09:12.385167
Ardle,0:09:14.220333
Ardle,0:09:14.387167
Ardle,0:09:14.554000
Ardle,0:09:14.720833
Ardle,0:09:14.887667
Ardle,0:09:15.054500
Ardle,0:09:15.221333
Ardle,0:09:15.388167
Ardle,0:09:15.555000
Ardle,0:09:15.721833
Ardle,0:09:15.888667
Ardle,0:09:16.055500
Ardle,0:09:16.222333
Ardle,0:09:16.389167
Ardle,0:09:16.556000
Ardle,0:09:16.722833
Ardle,0:09:16.889667
Ardle,0:09:17.056500
Boy_Friend,0:09:17.223333
Boy_Friend,0:09:17.557000
Boy_Friend,0:09:17.723833
Boy_Friend,0:09:18.724833
Boy_Friend,0:09:18.891667
Boy_Friend,0:09:19.058500
Boy_Friend,0:09:19.225333
Boy_Friend,0:09:19.392167
Ardle,0:09:20.560000
Ardle,0:09:20.726833
Ardle,0:09:20.893667
Ardle,0:09:21.060500
Ardle,0:09:21.227333
Ardle,0:09:21.394167
Ardle,0:09:21.561000
Ardle,0:09:21.727833
Ardle,0:09:21.894667
Ardle,0:09:22.061500
Ardle,0:09:22.228333
Ardle,0:09:22.395167
Ardle,0:09:22.562000
Ardle,0:09:22.728833
Ardle,0:09:22.895667
Ardle,0:09:23.062500
Ardle,0:09:23.229333
Ardle,0:09:23.396167
Ardle,0:09:23.563000
Boy_Friend,0:09:23.729833
Boy_Friend,0:09:23.896667
Boy_Friend,0:09:25.398167
Boy_Friend,0:09:26.065500
Boy_Friend,0:09:26.732833
Boy_Friend,0:09:26.899667
Boy_Friend,0:09:27.066500
Boy_Friend,0:09:27.233333
Boy_Friend,0:09:27.400167
Boy_Friend,0:09:27.567000
Ardle,0:09:27.733833
Ardle,0:09:27.900667
Ardle,0:09:28.067500
Ardle,0:09:28.234333
Ardle,0:09:28.401167
Ardle,0:09:28.568000
Ardle,0:09:28.734833
Ardle,0:09:28.901667
Ardle,0:09:29.068500
Ardle,0:09:29.235333
Ardle,0:09:29.402167
Ardle,0:09:29.569000
Ardle,0:09:29.735833
Ardle,0:09:29.902667
Ardle,0:09:30.069500
Ardle,0:09:30.236333
Boy_Friend,0:09:30.403167
Boy_Friend,0:09:30.570000
Boy_Friend,0:09:30.736833
Boy_Friend,0:09:30.903667
Boy_Friend,0:09:31.070500
Boy_Friend,0:09:31.237333
Boy_Friend,0:09:31.404167
Boy_Friend,0:09:31.571000
Boy_Friend,0:09:31.737833
Boy_Friend,0:09:31.904667
Boy_Friend,0:09:32.071500
Boy_Friend,0:09:32.238333
Boy_Friend,0:09:32.405167
Boy_Friend,0:09:32.572000
Boy_Friend,0:09:33.072500
Boy_Friend,0:09:33.239333
Boy_Friend,0:09:33.739833
Boy_Friend,0:09:33.906667
Boy_Friend,0:09:34.073500
Boy_Friend,0:09:34.240333
Boy_Friend,0:09:34.407167
Boy_Friend,0:09:34.574000
Boy_Friend,0:09:35.241333
Boy_Friend,0:09:35.408167
Boy_Friend,0:09:35.575000
Boy_Friend,0:09:35.908667
Boy_Friend,0:09:36.075500
Boy_Friend,0:09:36.576000
Boy_Friend,0:09:36.742833
Boy_Friend,0:09:36.909667
Boy_Friend,0:09:37.076500
Boy_Friend,0:09:37.243333
Boy_Friend,0:09:37.410167
Boy_Friend,0:09:37.577000
Boy_Friend,0:09:37.743833
Boy_Friend,0:09:38.077500
Boy_Friend,0:09:38.411167
Boy_Friend,0:09:38.578000
Boy_Friend,0:09:38.744833
Boy_Friend,0:09:38.911667
Boy_Friend,0:09:39.078500
Boy_Friend,0:09:39.245333
Ardle,0:09:39.412167
Ardle,0:09:39.579000
Ardle,0:09:39.745833
Ardle,0:09:39.912667
Ardle,0:09:40.079500
Ardle,0:09:40.246333
Ardle,0:09:40.413167
Ardle,0:09:40.580000
Ardle,0:09:40.746833
Ardle,0:09:40.913667
Ardle,0:09:41.080500
Boy_Friend,0:09:41.247333
Boy_Friend,0:09:41.414167
Boy_Friend,0:09:41.581000
Boy_Friend,0:09:41.747833
Boy_Friend,0:09:41.914667
Boy_Friend,0:09:42.081500
Boy_Friend,0:09:42.248333
Boy_Friend,0:09:42.415167
Boy_Friend,0:09:42.582000
Boy_Friend,0:09:42.748833
Boy_Friend,0:09:42.915667
Boy_Friend,0:09:43.082500
Boy_Friend,0:09:43.249333
Boy_Friend,0:09:43.416167
Boy_Friend,0:09:43.583000
Boy_Friend,0:09:43.749833
Boy_Friend,0:09:49.422167
Boy_Friend,0:09:49.589000
Boy_Friend,0:09:49.755833
Boy_Friend,0:09:49.922667
Boy_Friend,0:09:50.089500
Boy_Friend,0:09:50.256333
Boy_Friend,0:09:50.423167
Boy_Friend,0:09:50.590000
Boy_Friend,0:09:50.756833
Boy_Friend,0:09:50.923667
Boy_Friend,0:09:51.090500
Boy_Friend,0:09:51.257333
Ardle,0:09:51.424167
Ardle,0:09:51.591000
Ardle,0:09:51.757833
Ardle,0:09:52.091500
Ardle,0:09:52.258333
Ardle,0:09:52.425167
Ardle,0:09:52.592000
Ardle,0:09:52.758833
Ardle,0:09:52.925667
Ardle,0:09:53.092500
Ardle,0:09:53.259333
Ardle,0:09:53.426167
Ardle,0:09:53.593000
Ardle,0:09:53.759833
Ardle,0:09:53.926667
Ardle,0:09:54.093500
Ardle,0:09:54.260333
Boy_Friend,0:09:54.427167
Boy_Friend,0:09:54.594000
Boy_Friend,0:09:54.760833
Boy_Friend,0:09:54.927667
Boy_Friend,0:09:55.094500
Boy_Friend,0:09:55.261333
Boy_Friend,0:09:55.428167
Boy_Friend,0:09:55.595000
Boy_Friend,0:09:55.761833
Boy_Friend,0:09:55.928667
Boy_Friend,0:09:56.095500
Boy_Friend,0:09:56.262333
Boy_Friend,0:09:56.429167
Boy_Friend,0:09:56.596000
Boy_Friend,0:09:56.762833
Boy_Friend,0:09:56.929667
Boy_Friend,0:09:57.096500
Boy_Friend,0:09:57.263333
Boy_Friend,0:09:57.430167
Boy_Friend,0:09:57.597000
Boy_Friend,0:09:57.763833
Boy_Friend,0:09:57.930667
Ardle,0:09:58.097500
Ardle,0:09:58.264333
Ardle,0:09:58.431167
Ardle,0:09:58.598000
Ardle,0:09:58.764833
Ardle,0:09:58.931667
Ardle,0:09:59.098500
Ardle,0:09:59.265333
Ardle,0:09:59.432167
Ardle,0:09:59.599000
Ardle,0:09:59.765833
Ardle,0:09:59.932667
Boy_Friend,0:10:00.099500
Boy_Friend,0:10:00.266333
Boy_Friend,0:10:00.433167
Boy_Friend,0:10:00.600000
Boy_Friend,0:10:00.766833
Boy_Friend,0:10:00.933667
Boy_Friend,0:10:01.100500
Boy_Friend,0:10:01.267333
Boy_Friend,0:10:01.434167
Boy_Friend,0:10:01.601000
Boy_Friend,0:10:01.767833
Boy_Friend,0:10:01.934667
Boy_Friend,0:10:02.101500
Boy_Friend,0:10:02.268333
Boy_Friend,0:10:02.435167
Miss,0:10:04.770833
Miss,0:10:04.937667
Miss,0:10:05.104500
Miss,0:10:05.271333
Miss,0:10:05.438167
Miss,0:10:05.605000
Miss,0:10:05.771833
Miss,0:10:05.938667
Miss,0:10:06.105500
Miss,0:10:06.272333
Miss,0:10:06.439167
Boy_Friend,0:10:08.774833
Boy_Friend,0:10:08.941667
Ardle,0:10:10.443167
Ardle,0:10:10.610000
Ardle,0:10:11.110500
Ardle,0:10:11.277333
Ardle,0:10:11.444167
Boy_Friend,0:10:13.112500
Boy_Friend,0:10:13.279333
Boy_Friend,0:10:13.446167
Boy_Friend,0:10:13.613000
Boy_Friend,0:10:13.779833
Boy_Friend,0:10:13.946667
Boy_Friend,0:10:14.113500
Boy_Friend,0:10:14.280333
Boy_Friend,0:10:14.447167
Boy_Friend,0:10:14.614000
Boy_Friend,0:10:14.780833
Boy_Friend,0:10:14.947667
Boy_Friend,0:10:15.114500
Boy_Friend,0:10:15.281333
Boy_Friend,0:10:15.448167
Boy_Friend,0:10:15.615000
Boy_Friend,0:10:15.781833
Boy_Friend,0:10:15.948667
Boy_Friend,0:10:16.115500
Boy_Friend,0:10:16.282333
Boy_Friend,0:10:16.449167
Boy_Friend,0:10:16.616000
Boy_Friend,0:10:16.782833
Boy_Friend,0:10:16.949667
Boy_Friend,0:10:17.116500
Boy_Friend,0:10:17.283333
Boy_Friend,0:10:17.450167
Boy_Friend,0:10:17.617000
Boy_Friend,0:10:17.783833
Ardle,0:10:17.950667
Ardle,0:10:18.117500
Ardle,0:10:18.284333
Ardle,0:10:18.451167
Ardle,0:10:18.618000
Ardle,0:10:18.784833
Ardle,0:10:18.951667
Ardle,0:10:19.118500
Ardle,0:10:19.285333
Ardle,0:10:19.452167
Ardle,0:10:19.619000
Ardle,0:10:19.785833
Ardle,0:10:19.952667
Ardle,0:10:20.119500
Ardle,0:10:20.286333
Ardle,0:10:20.453167
Boy_Friend,0:10:23.289333
Boy_Friend,0:10:23.456167
Boy_Friend,0:10:23.623000
Boy_Friend,0:10:23.789833
Boy_Friend,0:10:23.956667
Boy_Friend,0:10:24.123500
Boy_Friend,0:10:24.290333
Boy_Friend,0:10:24.457167
Boy_Friend,0:10:24.624000
Boy_Friend,0:10:24.790833
Boy_Friend,0:10:24.957667
Boy_Friend,0:10:25.124500
Boy_Friend,0:10:25.291333
Boy_Friend,0:10:25.458167
Boy_Friend,0:10:25.625000
Boy_Friend,0:10:25.791833
Boy_Friend,0:10:25.958667
Boy_Friend,0:10:26.125500
Boy_Friend,0:10:26.292333
Boy_Friend,0:10:26.459167
Boy_Friend,0:10:26.626000
Ardle,0:10:26.792833
Ardle,0:10:26.959667
Ardle,0:10:27.126500
Ardle,0:10:27.293333
Ardle,0:10:27.460167
Miss,0:10:27.627000
Miss,0:10:27.793833
Miss,0:10:27.960667
Miss,0:10:28.127500
Miss,0:10:28.294333
Miss,0:10:28.461167
Miss,0:10:28.628000
Miss,0:10:28.794833
Miss,0:10:28.961667
Miss,0:10:29.128500
Miss,0:10:29.295333
Miss,0:10:29.462167
Miss,0:10:29.629000
Miss,0:10:29.795833
Miss,0:10:29.962667
Boy_Friend,0:10:30.129500
Boy_Friend,0:10:30.296333
Boy_Friend,0:10:30.463167
Boy_Friend,0:10:30.630000
Boy_Friend,0:10:30.796833
Boy_Friend,0:10:30.963667
Boy_Friend,0:10:31.130500
Boy_Friend,0:10:31.297333
Boy_Friend,0:10:31.464167
Boy_Friend,0:10:31.631000
Boy_Friend,0:10:31.797833
Boy_Friend,0:10:31.964667
Boy_Friend,0:10:32.131500
Boy_Friend,0:10:32.298333
Boy_Friend,0:10:32.465167
Boy_Friend,0:10:32.632000
Boy_Friend,0:10:32.798833
Boy_Friend,0:10:32.965667
Boy_Friend,0:10:33.132500
Boy_Friend,0:10:33.299333
Boy_Friend,0:10:33.466167
Boy_Friend,0:10:33.633000
Boy_Friend,0:10:33.799833
Boy_Friend,0:10:33.966667
Boy_Friend,0:10:34.133500
Boy_Friend,0:10:34.300333
Ardle,0:10:34.467167
Ardle,0:10:34.634000
Ardle,0:10:34.800833
Ardle,0:10:34.967667
Ardle,0:10:35.134500
Ardle,0:10:35.301333
Ardle,0:10:35.468167
Ardle,0:10:35.635000
Ardle,0:10:35.801833
Ardle,0:10:35.968667
Ardle,0:10:36.135500
Ardle,0:10:36.302333
Ardle,0:10:36.469167
Boy_Friend,0:10:36.636000
Boy_Friend,0:10:36.802833
Boy_Friend,0:10:36.969667
Boy_Friend,0:10:37.136500
Boy_Friend,0:10:37.303333
Boy_Friend,0:10:37.470167
Boy_Friend,0:10:37.637000
Boy_Friend,0:10:37.803833
Boy_Friend,0:10:37.970667
Boy_Friend,0:10:38.137500
Boy_Friend,0:10:38.304333
Boy_Friend,0:10:38.471167
Boy_Friend,0:10:38.638000
Boy_Friend,0:10:38.804833
Boy_Friend,0:10:38.971667
Boy_Friend,0:10:39.138500
Boy_Friend,0:10:39.305333
Boy_Friend,0:10:39.472167
Boy_Friend,0:10:39.639000
Boy_Friend,0:10:39.805833
Boy_Friend,0:10:39.972667
Boy_Friend,0:10:40.139500
Boy_Friend,0:10:40.306333
Boy_Friend,0:10:40.473167
Boy_Friend,0:10:40.640000
Boy_Friend,0:10:40.806833
Boy_Friend,0:10:40.973667
Boy_Friend,0:10:41.140500
Boy_Friend,0:10:41.307333
Boy_Friend,0:10:41.474167
Boy_Friend,0:10:41.641000
Miss,0:10:41.807833
Miss,0:10:41.974667
Miss,0:10:42.141500
Miss,0:10:42.308333
Miss,0:10:42.475167
Miss,0:10:42.642000
Miss,0:10:42.808833
Miss,0:10:42.975667
Miss,0:10:43.142500
Miss,0:10:43.309333
Miss,0:10:43.476167
Ardle,0:10:44.310333
Ardle,0:10:44.477167
Ardle,0:10:44.644000
Ardle,0:10:44.810833
Ardle,0:10:45.144500
Ardle,0:10:45.311333
Ardle,0:10:47.980667
Ardle,0:10:48.147500
Ardle,0:10:48.314333
Ardle,0:10:48.481167
Ardle,0:10:48.648000
Ardle,0:10:48.814833
Ardle,0:10:48.981667
Boy_Friend,0:10:49.148500
Boy_Friend,0:10:49.315333
Boy_Friend,0:10:49.482167
Boy_Friend,0:10:49.649000
Boy_Friend,0:10:49.815833
Boy_Friend,0:10:49.982667
Boy_Friend,0:10:50.149500
Boy_Friend,0:10:50.316333
Boy_Friend,0:10:50.483167
Boy_Friend,0:10:50.650000
Boy_Friend,0:10:50.816833
Boy_Friend,0:10:50.983667
Boy_Friend,0:10:51.150500
Boy_Friend,0:10:51.317333
Ardle,0:10:51.484167
Ardle,0:10:51.651000
Ardle,0:10:51.817833
Ardle,0:10:51.984667
Ardle,0:10:52.151500
Ardle,0:10:52.318333
Ardle,0:10:52.485167
Miss,0:10:52.652000
Miss,0:10:52.818833
Miss,0:10:52.985667
Miss,0:10:53.152500
Miss,0:10:53.319333
Miss,0:10:53.486167
Miss,0:10:53.653000
Miss,0:10:53.819833
Miss,0:10:53.986667
Miss,0:10:54.153500
Miss,0:10:54.320333
Miss,0:10:54.487167
Miss,0:10:54.654000
Miss,0:10:54.820833
Miss,0:10:54.987667
Boy_Friend,0:10:55.154500
Boy_Friend,0:10:55.321333
Boy_Friend,0:10:55.488167
Boy_Friend,0:10:55.655000
Boy_Friend,0:10:55.821833
Boy_Friend,0:10:55.988667
Boy_Friend,0:10:56.155500
Boy_Friend,0:10:56.322333
Boy_Friend,0:10:56.489167
Boy_Friend,0:10:56.656000
Boy_Friend,0:10:56.822833
Boy_Friend,0:10:56.989667
Boy_Friend,0:10:57.156500
Boy_Friend,0:10:57.323333
Boy_Friend,0:10:57.490167
Boy_Friend,0:10:57.657000
Boy_Friend,0:10:57.823833
Boy_Friend,0:10:57.990667
Boy_Friend,0:10:58.157500
Boy_Friend,0:10:58.324333
Boy_Friend,0:10:58.491167
Boy_Friend,0:10:58.658000
Boy_Friend,0:10:58.824833
Ardle,0:10:58.991667
Ardle,0:10:59.158500
Ardle,0:10:59.325333
Ardle,0:10:59.492167
Ardle,0:10:59.659000
Ardle,0:10:59.825833
Boy_Friend,0:10:59.992667
Boy_Friend,0:11:00.159500
Boy_Friend,0:11:00.326333
Boy_Friend,0:11:00.493167
Boy_Friend,0:11:00.660000
Boy_Friend,0:11:00.826833
Boy_Friend,0:11:00.993667
Ardle,0:11:01.160500
Ardle,0:11:01.327333
Ardle,0:11:01.494167
Ardle,0:11:01.661000
Ardle,0:11:01.827833
Ardle,0:11:01.994667
Ardle,0:11:02.161500
Ardle,0:11:02.328333
Miss,0:11:02.495167
Miss,0:11:02.662000
Miss,0:11:02.828833
Miss,0:11:02.995667
Ardle,0:11:03.162500
Ardle,0:11:03.329333
Ardle,0:11:03.996667
Ardle,0:11:04.330333
Ardle,0:11:04.497167
Ardle,0:11:04.664000
Ardle,0:11:04.830833
Ardle,0:11:04.997667
Ardle,0:11:05.164500
Ardle,0:11:05.331333
Ardle,0:11:05.498167
Ardle,0:11:05.665000
Boy_Friend,0:11:05.831833
Boy_Friend,0:11:05.998667
Boy_Friend,0:11:06.165500
Boy_Friend,0:11:06.332333
Boy_Friend,0:11:06.499167
Boy_Friend,0:11:06.666000
Boy_Friend,0:11:06.832833
Boy_Friend,0:11:06.999667
Boy_Friend,0:11:07.166500
Boy_Friend,0:11:07.333333
Boy_Friend,0:11:07.500167
Boy_Friend,0:11:07.667000
Boy_Friend,0:11:07.833833
Boy_Friend,0:11:08.000667
Boy_Friend,0:11:08.167500
Boy_Friend,0:11:08.334333
Boy_Friend,0:11:08.501167
Boy_Friend,0:11:08.668000
Boy_Friend,0:11:08.834833
Boy_Friend,0:11:11.003667
Boy_Friend,0:11:11.170500
Boy_Friend,0:11:11.337333
Boy_Friend,0:11:11.504167
Boy_Friend,0:11:11.671000
Boy_Friend,0:11:11.837833
Boy_Friend,0:11:12.004667
Boy_Friend,0:11:12.171500
Boy_Friend,0:11:12.338333
Boy_Friend,0:11:12.505167
Boy_Friend,0:11:12.672000
Boy_Friend,0:11:12.838833
Boy_Friend,0:11:13.005667
Boy_Friend,0:11:13.172500
Boy_Friend,0:11:13.339333
Miss,0:11:13.506167
Miss,0:11:13.673000
Miss,0:11:13.839833
Miss,0:11:14.006667
Miss,0:11:14.173500
Miss,0:11:14.340333
Miss,0:11:14.507167
Miss,0:11:14.674000
Miss,0:11:14.840833
Miss,0:11:15.007667
Miss,0:11:15.174500
Boy_Friend,0:11:15.341333
Boy_Friend,0:11:15.508167
Boy_Friend,0:11:15.675000
Boy_Friend,0:11:15.841833
Boy_Friend,0:11:16.008667
Boy_Friend,0:11:16.175500
Boy_Friend,0:11:16.342333
Boy_Friend,0:11:16.509167
Boy_Friend,0:11:16.676000
Miss,0:11:16.842833
Miss,0:11:17.009667
Miss,0:11:17.176500
Miss,0:11:17.343333
Miss,0:11:17.510167
Miss,0:11:17.677000
Miss,0:11:17.843833
Miss,0:11:18.010667
Boy_Friend,0:11:20.346333
Boy_Friend,0:11:20.513167
Boy_Friend,0:11:20.680000
Boy_Friend,0:11:20.846833
Boy_Friend,0:11:21.013667
Boy_Friend,0:11:21.180500
Boy_Friend,0:11:21.347333
Boy_Friend,0:11:21.514167
Boy_Friend,0:11:21.681000
Boy_Friend,0:11:21.847833
Boy_Friend,0:11:22.014667
Boy_Friend,0:11:22.181500
Boy_Friend,0:11:22.348333
Boy_Friend,0:11:22.515167
Boy_Friend,0:11:22.682000
Ardle,0:11:22.848833
Ardle,0:11:23.015667
Ardle,0:11:23.182500
Ardle,0:11:23.349333
Ardle,0:11:23.516167
Ardle,0:11:23.683000
Ardle,0:11:23.849833
Ardle,0:11:24.016667
Ardle,0:11:24.183500
Ardle,0:11:24.350333
Miss,0:11:24.517167
Miss,0:11:24.684000
Miss,0:11:24.850833
Miss,0:11:25.017667
Miss,0:11:25.184500
Miss,0:11:25.351333
Miss,0:11:25.518167
Miss,0:11:25.685000
Miss,0:11:25.851833
Miss,0:11:26.018667
Miss,0:11:26.185500
Miss,0:11:26.352333
Miss,0:11:26.519167
Miss,0:11:26.686000
Miss,0:11:26.852833
Miss,0:11:27.019667
Miss,0:11:27.186500
Miss,0:11:27.353333
Miss,0:11:27.520167
Miss,0:11:27.687000
Miss,0:11:27.853833
Ardle,0:11:28.020667
Ardle,0:11:28.187500
Ardle,0:11:28.354333
Ardle,0:11:28.521167
Ardle,0:11:28.688000
Ardle,0:11:28.854833
Ardle,0:11:29.021667
Ardle,0:11:29.188500
Ardle,0:11:29.355333
Ardle,0:11:29.522167
Ardle,0:11:29.689000
Ardle,0:11:29.855833
Ardle,0:11:30.022667
Ardle,0:11:30.189500
Ardle,0:11:30.356333
Ardle,0:11:30.523167
Miss,0:11:30.690000
Miss,0:11:30.856833
Miss,0:11:31.023667
Miss,0:11:31.190500
Miss,0:11:31.357333
Miss,0:11:31.524167
Miss,0:11:31.691000
Miss,0:11:31.857833
Miss,0:11:32.024667
Miss,0:11:32.191500
Miss,0:11:32.358333
Miss,0:11:32.525167
Miss,0:11:32.692000
Miss,0:11:32.858833
Miss,0:11:33.025667
Miss,0:11:33.192500
Miss,0:11:33.359333
Miss,0:11:33.526167
Miss,0:11:33.693000
Ardle,0:11:33.859833
Ardle,0:11:34.026667
Ardle,0:11:34.193500
Ardle,0:11:34.360333
Ardle,0:11:34.527167
Ardle,0:11:34.694000
Ardle,0:11:34.860833
Ardle,0:11:35.027667
Ardle,0:11:35.194500
Boy_Friend,0:11:35.361333
Boy_Friend,0:11:35.528167
Boy_Friend,0:11:35.695000
Boy_Friend,0:11:35.861833
Boy_Friend,0:11:36.028667
Boy_Friend,0:11:36.195500
Boy_Friend,0:11:36.696000
Boy_Friend,0:11:36.862833
Boy_Friend,0:11:37.029667
Boy_Friend,0:11:37.196500
Boy_Friend,0:11:37.363333
Boy_Friend,0:11:37.530167
Boy_Friend,0:11:37.697000
Boy_Friend,0:11:37.863833
Boy_Friend,0:11:38.030667
Boy_Friend,0:11:38.197500
Boy_Friend,0:11:38.364333
Boy_Friend,0:11:38.531167
Boy_Friend,0:11:38.698000
Boy_Friend,0:11:38.864833
Boy_Friend,0:11:39.031667
Ardle,0:11:39.198500
Ardle,0:11:39.365333
Ardle,0:11:39.532167
Ardle,0:11:39.699000
Ardle,0:11:39.865833
Ardle,0:11:40.032667
Ardle,0:11:40.199500
Ardle,0:11:40.366333
Ardle,0:11:40.533167
Boy_Friend,0:11:40.700000
Boy_Friend,0:11:40.866833
Boy_Friend,0:11:41.033667
Boy_Friend,0:11:41.200500
Boy_Friend,0:11:41.367333
Miss,0:11:41.534167
Miss,0:11:41.701000
Miss,0:11:41.867833
Miss,0:11:42.034667
Miss,0:11:42.201500
Miss,0:11:42.368333
Ardle,0:11:42.535167
Ardle,0:11:42.702000
Ardle,0:11:42.868833
Ardle,0:11:43.035667
Ardle,0:11:43.202500
Ardle,0:11:43.369333
Boy_Friend,0:11:44.704000
Boy_Friend,0:11:44.870833
Boy_Friend,0:11:45.037667
Boy_Friend,0:11:45.204500
Boy_Friend,0:11:45.371333
Boy_Friend,0:11:45.538167
Boy_Friend,0:11:45.705000
Boy_Friend,0:11:45.871833
Ardle,0:11:46.038667
Ardle,0:11:46.872833
Ardle,0:11:47.039667
Boy_Friend,0:11:47.206500
Boy_Friend,0:11:47.373333
Boy_Friend,0:11:47.540167
Boy_Friend,0:11:47.707000
Boy_Friend,0:11:47.873833
Boy_Friend,0:11:48.040667
Ardle,0:11:48.207500
Ardle,0:11:48.374333
Ardle,0:11:48.541167
Ardle,0:11:48.708000
Ardle,0:11:48.874833
Ardle,0:11:49.041667
Ardle,0:11:49.208500
Ardle,0:11:49.375333
Boy_Friend,0:11:49.542167
Boy_Friend,0:11:49.709000
Boy_Friend,0:11:49.875833
Boy_Friend,0:11:50.042667
Boy_Friend,0:11:50.710000
Boy_Friend,0:11:52.545167
Boy_Friend,0:11:52.712000
Boy_Friend,0:11:52.878833
Boy_Friend,0:11:53.045667
Boy_Friend,0:11:53.212500
Boy_Friend,0:11:53.379333
Boy_Friend,0:11:53.546167
Boy_Friend,0:11:53.713000
Boy_Friend,0:11:53.879833
Boy_Friend,0:11:54.046667
Miss,0:11:54.213500
Miss,0:11:54.380333
Miss,0:11:54.547167
Miss,0:11:54.714000
Miss,0:11:54.880833
Miss,0:11:55.047667
Miss,0:11:55.214500
Miss,0:11:55.381333
Ardle,0:11:56.716000
Ardle,0:11:56.882833
Ardle,0:11:57.049667
Ardle,0:11:57.216500
Ardle,0:11:57.383333
Ardle,0:11:57.550167
Ardle,0:11:57.717000
Boy_Friend,0:11:57.883833
Boy_Friend,0:11:58.050667
Boy_Friend,0:11:58.217500
Boy_Friend,0:11:58.384333
Boy_Friend,0:11:58.551167
Boy_Friend,0:11:58.884833
Boy_Friend,0:11:59.051667
Boy_Friend,0:11:59.218500
Boy_Friend,0:11:59.385333
Boy_Friend,0:11:59.552167
Miss,0:12:00.219500
Miss,0:12:00.386333
Miss,0:12:00.553167
Miss,0:12:00.720000
Miss,0:12:00.886833
Ardle,0:12:01.721000
Ardle,0:12:01.887833
Ardle,0:12:02.054667
Ardle,0:12:02.221500
Ardle,0:12:02.388333
Ardle,0:12:02.555167
Ardle,0:12:02.722000
Ardle,0:12:02.888833
Ardle,0:12:03.055667
Ardle,0:12:03.222500
Ardle,0:12:03.389333
Ardle,0:12:03.556167
Boy_Friend,0:12:03.723000
Boy_Friend,0:12:03.889833
Boy_Friend,0:12:04.056667
Boy_Friend,0:12:04.223500
Boy_Friend,0:12:04.390333
Boy_Friend,0:12:04.557167
Boy_Friend,0:12:04.724000
Boy_Friend,0:12:04.890833
Ardle,0:12:05.057667
Ardle,0:12:05.224500
Ardle,0:12:05.391333
Ardle,0:12:05.558167
Ardle,0:12:05.725000
Ardle,0:12:05.891833
Ardle,0:12:06.058667
Ardle,0:12:06.225500
Ardle,0:12:06.392333
Boy_Friend,0:12:06.559167
Boy_Friend,0:12:06.726000
Boy_Friend,0:12:06.892833
Boy_Friend,0:12:07.059667
Boy_Friend,0:12:07.226500
Boy_Friend,0:12:07.393333
Boy_Friend,0:12:07.560167
Boy_Friend,0:12:07.727000
Boy_Friend,0:12:07.893833
Boy_Friend,0:12:08.060667
Boy_Friend,0:12:08.227500
Boy_Friend,0:12:08.394333
Ardle,0:12:09.228500
Ardle,0:12:09.395333
Ardle,0:12:09.562167
Ardle,0:12:09.729000
Ardle,0:12:09.895833
Ardle,0:12:10.229500
Ardle,0:12:10.730000
Boy_Friend,0:12:11.063667
Boy_Friend,0:12:11.230500
Boy_Friend,0:12:11.397333
Boy_Friend,0:12:11.564167
Boy_Friend,0:12:11.731000
Boy_Friend,0:12:11.897833
Boy_Friend,0:12:12.064667
Boy_Friend,0:12:12.231500
Boy_Friend,0:12:12.398333
Boy_Friend,0:12:12.565167
Boy_Friend,0:12:12.732000
Boy_Friend,0:12:12.898833
Miss,0:12:13.566167
Miss,0:12:13.733000
Miss,0:12:13.899833
Miss,0:12:14.066667
Miss,0:12:14.233500
Boy_Friend,0:12:14.400333
Boy_Friend,0:12:14.567167
Boy_Friend,0:12:14.734000
Ardle,0:12:14.900833
Ardle,0:12:15.067667
Ardle,0:12:15.234500
Miss,0:12:18.738000
Miss,0:12:18.904833
Miss,0:12:19.071667
Miss,0:12:19.238500
Miss,0:12:19.405333
Miss,0:12:19.572167
Miss,0:12:19.739000
Miss,0:12:19.905833
Miss,0:12:20.072667
Miss,0:12:20.239500
Miss,0:12:20.406333
Miss,0:12:20.573167
Miss,0:12:20.740000
Miss,0:12:20.906833
Miss,0:12:21.073667
Miss,0:12:21.240500
Miss,0:12:21.407333
Miss,0:12:21.574167
Miss,0:12:21.741000
Miss,0:12:21.907833
Miss,0:12:22.074667
Miss,0:12:22.241500
Miss,0:12:22.408333
Ardle,0:12:22.575167
Ardle,0:12:22.742000
Ardle,0:12:22.742000
Ardle,0:12:22.908833
Ardle,0:12:22.908833
Ardle,0:12:23.075667
Ardle,0:12:23.075667
Ardle,0:12:23.242500
Ardle,0:12:23.409333
Ardle,0:12:23.576167
Ardle,0:12:23.743000
Ardle,0:12:23.909833
Ardle,0:12:24.076667
Ardle,0:12:24.243500
Ardle,0:12:24.410333
Ardle,0:12:24.577167
Ardle,0:12:24.744000
Ardle,0:12:24.910833
Ardle,0:12:25.077667
Ardle,0:12:25.244500
Ardle,0:12:25.411333
Ardle,0:12:25.578167
Ardle,0:12:25.578167
Ardle,0:12:25.745000
Ardle,0:12:25.745000
Ardle,0:12:25.911833
Ardle,0:12:26.078667
Ardle,0:12:26.245500
Ardle,0:12:26.412333
Ardle,0:12:26.579167
Ardle,0:12:26.746000
Ardle,0:12:26.912833
Ardle,0:12:27.079667
Ardle,0:12:27.079667
Ardle,0:12:27.246500
Ardle,0:12:27.413333
Ardle,0:12:27.580167
Ardle,0:12:27.747000
Ardle,0:12:27.913833
Ardle,0:12:28.080667
Miss,0:12:43.596167
Miss,0:12:43.763000
Miss,0:12:43.929833
Miss,0:12:44.096667
Miss,0:12:44.263500
Miss,0:12:44.430333
Miss,0:12:44.597167
Miss,0:12:44.764000
Miss,0:12:44.930833
Miss,0:12:45.097667
Miss,0:12:45.264500
Miss,0:12:45.431333
Miss,0:12:45.598167
Miss,0:12:45.765000
Miss,0:12:45.931833
Miss,0:12:46.098667
Miss,0:12:46.265500
Miss,0:12:46.432333
Miss,0:12:46.599167
Miss,0:12:46.766000
Miss,0:12:46.932833
Miss,0:12:57.610167
Miss,0:12:57.777000
Miss,0:12:57.943833
Miss,0:12:58.110667
Miss,0:12:58.277500
Miss,0:12:58.444333
Miss,0:12:58.611167
Boy_Friend,0:13:00.446333
Ardle,0:13:02.448333
Ardle,0:13:02.615167
Ardle,0:13:02.782000
Ardle,0:13:02.948833
Ardle,0:13:03.115667
Ardle,0:13:03.282500
Ardle,0:13:03.449333
Ardle,0:13:03.616167
Ardle,0:13:03.783000
Boy_Friend,0:13:03.949833
Ardle,0:13:05.451333
Ardle,0:13:05.618167
Ardle,0:13:05.785000
Ardle,0:13:05.951833
Ardle,0:13:06.118667
Ardle,0:13:06.285500
Ardle,0:13:06.452333
Ardle,0:13:06.619167
Ardle,0:13:06.786000
Ardle,0:13:06.952833
Ardle,0:13:07.119667
Ardle,0:13:07.286500
Ardle,0:13:07.453333
Ardle,0:13:07.620167
Miss,0:13:08.120667
Miss,0:13:08.287500
Miss,0:13:08.454333
Miss,0:13:08.621167
Miss,0:13:08.788000
Miss,0:13:08.954833
Miss,0:13:09.121667
Miss,0:13:09.288500
Miss,0:13:09.455333
Miss,0:13:09.622167
Miss,0:13:09.789000
Miss,0:13:09.955833
Boy_Friend,0:13:10.122667
Boy_Friend,0:13:10.289500
Boy_Friend,0:13:10.456333
Boy_Friend,0:13:10.623167
Boy_Friend,0:13:10.790000
Boy_Friend,0:13:10.956833
Boy_Friend,0:13:11.123667
Boy_Friend,0:13:11.290500
Boy_Friend,0:13:11.457333
Boy_Friend,0:13:11.624167
Boy_Friend,0:13:11.791000
Boy_Friend,0:13:11.957833
Boy_Friend,0:13:12.124667
Boy_Friend,0:13:12.291500
Boy_Friend,0:13:12.458333
Boy_Friend,0:13:12.625167
Boy_Friend,0:13:12.792000
Boy_Friend,0:13:12.958833
Boy_Friend,0:13:13.125667
Boy_Friend,0:13:13.292500
Boy_Friend,0:13:13.459333
Boy_Friend,0:13:13.626167
Boy_Friend,0:13:13.793000
Boy_Friend,0:13:13.959833
Boy_Friend,0:13:14.126667
Miss,0:13:25.971833
Ardle,0:13:29.308500
Miss,0:13:30.976833
Miss,0:13:31.143667
Miss,0:13:31.310500
Miss,0:13:31.477333
Miss,0:13:31.644167
Miss,0:13:31.811000
Miss,0:13:31.977833
Miss,0:13:32.144667
Miss,0:13:32.311500
Miss,0:13:32.478333
Miss,0:13:32.645167
Miss,0:13:32.812000
Miss,0:13:32.978833
Miss,0:13:33.145667
Miss,0:13:33.312500
Miss,0:13:33.479333
Miss,0:13:33.646167
Miss,0:13:33.813000
Miss,0:13:33.979833
Ardle,0:13:34.146667
Ardle,0:13:34.313500
Ardle,0:13:34.480333
Ardle,0:13:34.647167
Ardle,0:13:34.814000
Ardle,0:13:34.980833
Ardle,0:13:35.147667
Ardle,0:13:35.314500
Ardle,0:13:35.481333
Ardle,0:13:35.648167
Ardle,0:13:35.815000
Miss,0:13:35.981833
Miss,0:13:36.148667
Miss,0:13:36.315500
Miss,0:13:36.482333
Miss,0:13:36.649167
Miss,0:13:36.816000
Miss,0:13:39.151667
Miss,0:13:39.318500
Miss,0:13:39.485333
Miss,0:13:39.652167
Miss,0:13:39.819000
Miss,0:13:39.985833
Miss,0:13:40.152667
Miss,0:13:40.319500
Miss,0:13:40.486333
Miss,0:13:40.653167
Miss,0:13:40.820000
Miss,0:13:40.986833
Miss,0:13:41.153667
Ardle,0:13:41.320500
Ardle,0:13:41.487333
Ardle,0:13:41.654167
Ardle,0:13:41.821000
Ardle,0:13:41.987833
Ardle,0:13:42.154667
Ardle,0:13:42.321500
Ardle,0:13:42.488333
Ardle,0:13:42.655167
Ardle,0:13:42.822000
Ardle,0:13:42.988833
Ardle,0:13:43.155667
Ardle,0:13:43.322500
Ardle,0:13:43.489333
Ardle,0:13:43.656167
Ardle,0:13:43.823000
Ardle,0:13:43.989833
Ardle,0:13:44.156667
Ardle,0:13:44.323500
Ardle,0:13:44.490333
Ardle,0:13:47.993833
Ardle,0:13:49.161667
Ardle,0:13:49.328500
Ardle,0:13:49.495333
Ardle,0:13:49.662167
Ardle,0:13:49.829000
Ardle,0:13:49.995833
Ardle,0:13:50.162667
Ardle,0:13:50.329500
Ardle,0:13:50.496333
Ardle,0:13:50.663167
Ardle,0:13:50.830000
Ardle,0:13:53.332500
Ardle,0:13:53.499333
Ardle,0:13:53.666167
Ardle,0:13:53.833000
Ardle,0:13:53.999833
Ardle,0:13:54.166667
Ardle,0:13:54.333500
Ardle,0:13:54.500333
Ardle,0:13:54.667167
Ardle,0:13:54.834000
Ardle,0:13:55.000833
Ardle,0:13:55.167667
Ardle,0:13:55.334500
Ardle,0:13:55.501333
Ardle,0:13:55.668167
Ardle,0:13:55.835000
Miss,0:13:56.001833
Miss,0:13:56.168667
Miss,0:13:56.335500
Miss,0:13:56.502333
Miss,0:13:56.669167
Miss,0:13:56.836000
Miss,0:13:57.002833
Miss,0:13:57.169667
Miss,0:13:57.336500
Miss,0:13:57.503333
Miss,0:13:57.670167
Miss,0:13:57.837000
Miss,0:13:58.003833
Miss,0:13:58.170667
Miss,0:13:58.337500
Miss,0:13:58.504333
Miss,0:13:58.671167
Miss,0:13:58.838000
Miss,0:13:59.004833
Miss,0:13:59.171667
Miss,0:13:59.338500
Miss,0:13:59.505333
Miss,0:13:59.672167
Miss,0:13:59.839000
Miss,0:14:00.005833
Miss,0:14:00.172667
Miss,0:14:00.339500
Ardle,0:14:00.506333
Ardle,0:14:00.673167
Ardle,0:14:00.840000
Ardle,0:14:01.006833
Ardle,0:14:01.173667
Ardle,0:14:01.340500
Ardle,0:14:01.507333
Ardle,0:14:01.674167
Ardle,0:14:01.841000
Ardle,0:14:02.007833
Ardle,0:14:02.174667
Ardle,0:14:02.341500
Ardle,0:14:02.508333
Ardle,0:14:02.675167
Miss,0:14:02.842000
Miss,0:14:03.008833
Miss,0:14:03.175667
Miss,0:14:03.342500
Miss,0:14:03.509333
Miss,0:14:03.676167
Miss,0:14:03.843000
Miss,0:14:04.009833
Miss,0:14:04.176667
Miss,0:14:04.343500
Miss,0:14:04.510333
Miss,0:14:04.677167
Ardle,0:14:04.844000
Ardle,0:14:05.010833
Ardle,0:14:05.177667
Ardle,0:14:05.344500
Ardle,0:14:05.511333
Ardle,0:14:05.678167
Ardle,0:14:05.845000
Ardle,0:14:06.011833
Ardle,0:14:06.178667
Ardle,0:14:06.345500
Ardle,0:14:06.512333
Ardle,0:14:06.679167
Ardle,0:14:06.846000
Miss,0:14:07.012833
Miss,0:14:07.179667
Miss,0:14:07.346500
Miss,0:14:07.513333
Miss,0:14:07.680167
Miss,0:14:07.847000
Miss,0:14:08.013833
Miss,0:14:08.180667
Miss,0:14:08.347500
Miss,0:14:08.514333
Miss,0:14:08.681167
Miss,0:14:08.848000
Miss,0:14:09.014833
Miss,0:14:09.181667
Miss,0:14:09.348500
Miss,0:14:09.515333
Miss,0:14:09.682167
Miss,0:14:09.849000
Miss,0:14:10.015833
Miss,0:14:12.518333
